h3_id,ordre_passage,timestamp
8f18716e4628c04,0,2026-03-17 08:00:00
8f18716e4628c23,1,2026-03-17 08:00:01
8f18716e4628c20,2,2026-03-17 08:00:02
8f18716e4628c25,3,2026-03-17 08:00:03
8f18716e4628d56,4,2026-03-17 08:00:04
8f18716e4628d54,5,2026-03-17 08:00:04
8f18716e4628d73,6,2026-03-17 08:00:05
8f18716e4628d71,7,2026-03-17 08:00:06
8f18716e4628d62,8,2026-03-17 08:00:07
8f18716e4628d60,9,2026-03-17 08:00:08
8f18716e4628d65,10,2026-03-17 08:00:08
8f18716e4628996,11,2026-03-17 08:00:09
8f18716e4628994,12,2026-03-17 08:00:10
8f18716e46289b3,13,2026-03-17 08:00:11
8f18716e46289b1,14,2026-03-17 08:00:12
8f18716e46289a2,15,2026-03-17 08:00:12
8f18716e46289a0,16,2026-03-17 08:00:13
8f18716e46289a5,17,2026-03-17 08:00:14
8f18716e4628916,18,2026-03-17 08:00:15
8f18716e4628914,19,2026-03-17 08:00:16
8f18716e4628933,20,2026-03-17 08:00:16
8f18716e4628931,21,2026-03-17 08:00:17
8f18716e4628922,22,2026-03-17 08:00:18
8f18716e4628920,23,2026-03-17 08:00:19
8f18716e4628925,24,2026-03-17 08:00:20
8f18716e462c2d6,25,2026-03-17 08:00:20
8f18716e462c2d4,26,2026-03-17 08:00:21
8f18716e462c2f3,27,2026-03-17 08:00:22
8f18716e462c2f1,28,2026-03-17 08:00:23
8f18716e462c2e2,29,2026-03-17 08:00:24
8f18716e462c2e0,30,2026-03-17 08:00:24
8f18716e462c2e5,31,2026-03-17 08:00:25
8f18716e462c256,32,2026-03-17 08:00:26
8f18716e462c254,33,2026-03-17 08:00:27
8f18716e462c273,34,2026-03-17 08:00:28
8f18716e462c271,35,2026-03-17 08:00:28
8f18716e462c262,36,2026-03-17 08:00:29
8f18716e462c260,37,2026-03-17 08:00:30
8f18716e462c265,38,2026-03-17 08:00:31
8f18716e462dc96,39,2026-03-17 08:00:32
8f18716e462c349,40,2026-03-17 08:00:32
8f18716e462c34d,41,2026-03-17 08:00:33
8f18716e462dcb6,42,2026-03-17 08:00:34
8f18716e462c369,43,2026-03-17 08:00:35
8f18716e462c36d,44,2026-03-17 08:00:36
8f18716e462dd93,45,2026-03-17 08:00:36
8f18716e462dd91,46,2026-03-17 08:00:37
8f18716e462dd95,47,2026-03-17 08:00:38
8f18716e462dd86,48,2026-03-17 08:00:39
8f18716e462ddb1,49,2026-03-17 08:00:40
8f18716e462dda2,50,2026-03-17 08:00:40
8f18716e462dda6,51,2026-03-17 08:00:41
8f18716e462ca59,52,2026-03-17 08:00:42
8f18716e462ca5d,53,2026-03-17 08:00:43
8f18716e462ca4e,54,2026-03-17 08:00:44
8f18716e462ca41,55,2026-03-17 08:00:44
8f18716e462ca45,56,2026-03-17 08:00:45
8f18716e462ca6e,57,2026-03-17 08:00:46
8f18716e462ca6c,58,2026-03-17 08:00:47
8f18716e4753692,59,2026-03-17 08:00:48
8f18716e4753696,60,2026-03-17 08:00:48
8f18716e462cb49,61,2026-03-17 08:00:49
8f18716e462cb4d,62,2026-03-17 08:00:50
8f18716e47536b6,63,2026-03-17 08:00:51
8f18716e47536b4,64,2026-03-17 08:00:52
8f18716e475379b,65,2026-03-17 08:00:52
8f18716e4753798,66,2026-03-17 08:00:53
8f18716e475379c,67,2026-03-17 08:00:54
8f18716e4753782,68,2026-03-17 08:00:55
8f18716e4753786,69,2026-03-17 08:00:56
8f18716e47537b1,70,2026-03-17 08:00:56
8f18716e47537b5,71,2026-03-17 08:00:57
8f18716e47537a6,72,2026-03-17 08:00:58
8f18716e4753459,73,2026-03-17 08:00:59
8f18716e475345d,74,2026-03-17 08:01:00
8f18716e4753443,75,2026-03-17 08:01:00
8f18716e4753441,76,2026-03-17 08:01:01
8f18716e4753445,77,2026-03-17 08:01:02
8f18716e4753463,78,2026-03-17 08:01:03
8f18716e4753460,79,2026-03-17 08:01:04
8f18716e4753464,80,2026-03-17 08:01:04
8f18716e475354b,81,2026-03-17 08:01:05
8f18716e4753548,82,2026-03-17 08:01:06
8f18716e475354d,83,2026-03-17 08:01:07
8f18716e475356b,84,2026-03-17 08:01:08
8f18716e4753568,85,2026-03-17 08:01:08
8f18716e475356c,86,2026-03-17 08:01:09
8f18716e4753192,87,2026-03-17 08:01:10
8f18716e4753190,88,2026-03-17 08:01:11
8f18716e4753194,89,2026-03-17 08:01:12
8f18716e47531b2,90,2026-03-17 08:01:12
8f18716e47531b6,91,2026-03-17 08:01:13
8f18716e4753ce9,92,2026-03-17 08:01:14
8f18716e4753ced,93,2026-03-17 08:01:15
8f18716e4753c53,94,2026-03-17 08:01:16
8f18716e4753c51,95,2026-03-17 08:01:16
8f18716e4753c42,96,2026-03-17 08:01:17
8f18716e4753c46,97,2026-03-17 08:01:18
8f18716e4753c44,98,2026-03-17 08:01:19
8f18716e4753c63,99,2026-03-17 08:01:20
8f18716e4753c60,100,2026-03-17 08:01:20
8f18716e4753c64,101,2026-03-17 08:01:21
8f18716e4753d4a,102,2026-03-17 08:01:22
8f18716e4753d4e,103,2026-03-17 08:01:23
8f18716e4753d4c,104,2026-03-17 08:01:24
8f18716e4753d6a,105,2026-03-17 08:01:24
8f18716e4753d68,106,2026-03-17 08:01:25
8f18716e4753d6d,107,2026-03-17 08:01:26
8f18716e4753993,108,2026-03-17 08:01:27
8f18716e4753990,109,2026-03-17 08:01:28
8f18716e4753994,110,2026-03-17 08:01:28
8f18716e47539b2,111,2026-03-17 08:01:29
8f18716e47539b0,112,2026-03-17 08:01:30
8f18716e47539b4,113,2026-03-17 08:01:31
8f18716e475065a,114,2026-03-17 08:01:32
8f18716e4750658,115,2026-03-17 08:01:32
8f18716e475065c,116,2026-03-17 08:01:33
8f18716e4750642,117,2026-03-17 08:01:34
8f18716e4750640,118,2026-03-17 08:01:35
8f18716e4750644,119,2026-03-17 08:01:36
8f18716e4750662,120,2026-03-17 08:01:36
8f18716e4750660,121,2026-03-17 08:01:37
8f18716e4750664,122,2026-03-17 08:01:38
8f18716e475074b,123,2026-03-17 08:01:39
8f18716e4750749,124,2026-03-17 08:01:40
8f18716e475074d,125,2026-03-17 08:01:40
8f18716e475076b,126,2026-03-17 08:01:41
8f18716e4750769,127,2026-03-17 08:01:42
8f18716e475076d,128,2026-03-17 08:01:43
8f18716e4750393,129,2026-03-17 08:01:44
8f18716e4750391,130,2026-03-17 08:01:44
8f18716e4750395,131,2026-03-17 08:01:45
8f18716e47503b3,132,2026-03-17 08:01:46
8f18716e47503b0,133,2026-03-17 08:01:47
8f18716e47503b5,134,2026-03-17 08:01:48
8f18716e47503a6,135,2026-03-17 08:01:48
8f18716e4750059,136,2026-03-17 08:01:49
8f18716e475005d,137,2026-03-17 08:01:50
8f18716e475004e,138,2026-03-17 08:01:51
8f18716e475004c,139,2026-03-17 08:01:52
8f18716e475006b,140,2026-03-17 08:01:52
8f18716e4750069,141,2026-03-17 08:01:53
8f18716e4750a9a,142,2026-03-17 08:01:54
8f18716e4750a98,143,2026-03-17 08:01:55
8f18716e4750a9d,144,2026-03-17 08:01:56
8f18716e4750a8e,145,2026-03-17 08:01:56
8f18716e4750a8c,146,2026-03-17 08:01:57
8f18716e4750aab,147,2026-03-17 08:01:58
8f18716e4750aa9,148,2026-03-17 08:01:59
8f18716e4750aad,149,2026-03-17 08:02:00
8f18716e4750a1e,150,2026-03-17 08:02:00
8f18716e4750a11,151,2026-03-17 08:02:01
8f18716e4750a02,152,2026-03-17 08:02:02
8f18716e4750a00,153,2026-03-17 08:02:03
8f18716e4750a04,154,2026-03-17 08:02:04
8f18716e4750a22,155,2026-03-17 08:02:04
8f18716e4750a20,156,2026-03-17 08:02:05
8f18716e4750a24,157,2026-03-17 08:02:06
8f18716e4750b0a,158,2026-03-17 08:02:07
8f18716e4750b08,159,2026-03-17 08:02:08
8f18716e4750b0d,160,2026-03-17 08:02:08
8f18716e4750b2b,161,2026-03-17 08:02:09
8f18716e4750b28,162,2026-03-17 08:02:10
8f18716e4750b2d,163,2026-03-17 08:02:11
8f18716e47554d3,164,2026-03-17 08:02:12
8f18716e47554d1,165,2026-03-17 08:02:12
8f18716e47554d5,166,2026-03-17 08:02:13
8f18716e47554f3,167,2026-03-17 08:02:14
8f18716e47554f1,168,2026-03-17 08:02:15
8f18716e47554f5,169,2026-03-17 08:02:16
8f18716e47554e6,170,2026-03-17 08:02:16
8f18716e47554e4,171,2026-03-17 08:02:17
8f18716e475540a,172,2026-03-17 08:02:18
8f18716e4755408,173,2026-03-17 08:02:19
8f18716e475540c,174,2026-03-17 08:02:20
8f18716e475542a,175,2026-03-17 08:02:20
8f18716e475542e,176,2026-03-17 08:02:21
8f18716e475542c,177,2026-03-17 08:02:22
8f18716e4755552,178,2026-03-17 08:02:23
8f18716e4755550,179,2026-03-17 08:02:24
8f18716e4755554,180,2026-03-17 08:02:24
8f18716e4755573,181,2026-03-17 08:02:25
8f18716e4755570,182,2026-03-17 08:02:26
8f18716e4755574,183,2026-03-17 08:02:27
8f18716e4755cdb,184,2026-03-17 08:02:28
8f18716e4755cd9,185,2026-03-17 08:02:28
8f18716e4755cdd,186,2026-03-17 08:02:29
8f18716e4755cc3,187,2026-03-17 08:02:30
8f18716e4755cc1,188,2026-03-17 08:02:31
8f18716e4755cc5,189,2026-03-17 08:02:32
8f18716e4755cee,190,2026-03-17 08:02:32
8f18716e4755ce1,191,2026-03-17 08:02:33
8f18716e4755ce5,192,2026-03-17 08:02:34
8f18716e4755c56,193,2026-03-17 08:02:35
8f18716e4755c09,194,2026-03-17 08:02:36
8f18716e4755c72,195,2026-03-17 08:02:36
8f18716e4755c76,196,2026-03-17 08:02:37
8f18716e4755c74,197,2026-03-17 08:02:38
8f18716e4755d5a,198,2026-03-17 08:02:39
8f18716e4755d58,199,2026-03-17 08:02:40
8f18716e4755d5c,200,2026-03-17 08:02:40
8f18716e4755d42,201,2026-03-17 08:02:41
8f18716e4755d40,202,2026-03-17 08:02:42
8f18716e4755d45,203,2026-03-17 08:02:43
8f18716e4755d63,204,2026-03-17 08:02:44
8f18716e4755d61,205,2026-03-17 08:02:44
8f18716e4755d65,206,2026-03-17 08:02:45
8f18716e47736cb,207,2026-03-17 08:02:46
8f18716e47736c9,208,2026-03-17 08:02:47
8f18716e47736cd,209,2026-03-17 08:02:48
8f18716e47736eb,210,2026-03-17 08:02:48
8f18716e47736e9,211,2026-03-17 08:02:49
8f18716e477365a,212,2026-03-17 08:02:50
8f18716e477365e,213,2026-03-17 08:02:51
8f18716e4773651,214,2026-03-17 08:02:52
8f18716e4773642,215,2026-03-17 08:02:52
8f18716e4773646,216,2026-03-17 08:02:53
8f18716e4773644,217,2026-03-17 08:02:54
8f18716e4773662,218,2026-03-17 08:02:55
8f18716e4773666,219,2026-03-17 08:02:56
8f18716e4773664,220,2026-03-17 08:02:56
8f18716e477374a,221,2026-03-17 08:02:57
8f18716e4773748,222,2026-03-17 08:02:58
8f18716e477374d,223,2026-03-17 08:02:59
8f18716e477376b,224,2026-03-17 08:03:00
8f18716e4773768,225,2026-03-17 08:03:00
8f18716e477376d,226,2026-03-17 08:03:01
8f18716e477339e,227,2026-03-17 08:03:02
8f18716e4773391,228,2026-03-17 08:03:03
8f18716e4773382,229,2026-03-17 08:03:04
8f18716e4773386,230,2026-03-17 08:03:04
8f18716e4773384,231,2026-03-17 08:03:05
8f18716e47733a2,232,2026-03-17 08:03:06
8f18716e47733a6,233,2026-03-17 08:03:07
8f18716e47733a4,234,2026-03-17 08:03:08
8f18716e477304b,235,2026-03-17 08:03:08
8f18716e4773049,236,2026-03-17 08:03:09
8f18716e477304d,237,2026-03-17 08:03:10
8f18716e477306b,238,2026-03-17 08:03:11
8f18716e4773068,239,2026-03-17 08:03:12
8f18716e477306c,240,2026-03-17 08:03:12
8f18716e4773a92,241,2026-03-17 08:03:13
8f18716e4773a90,242,2026-03-17 08:03:14
8f18716e4773a94,243,2026-03-17 08:03:15
8f18716e4773ab3,244,2026-03-17 08:03:16
8f18716e4773ab1,245,2026-03-17 08:03:16
8f18716e4773ab5,246,2026-03-17 08:03:17
8f18716e4773b9b,247,2026-03-17 08:03:18
8f18716e4773b98,248,2026-03-17 08:03:19
8f18716e4773b9c,249,2026-03-17 08:03:20
8f18716e4773b82,250,2026-03-17 08:03:20
8f18716e4773b86,251,2026-03-17 08:03:21
8f18716e4773bb1,252,2026-03-17 08:03:22
8f18716e4773bb5,253,2026-03-17 08:03:23
8f18716e477385b,254,2026-03-17 08:03:24
8f18716e4773859,255,2026-03-17 08:03:24
8f18716e477385d,256,2026-03-17 08:03:25
8f18716e477384e,257,2026-03-17 08:03:26
8f18716e477384c,258,2026-03-17 08:03:27
8f18716e477386b,259,2026-03-17 08:03:28
8f18716e4773868,260,2026-03-17 08:03:28
8f18716e477386d,261,2026-03-17 08:03:29
8f18716e477149e,262,2026-03-17 08:03:30
8f18716e477149c,263,2026-03-17 08:03:31
8f18716e4771482,264,2026-03-17 08:03:32
8f18716e4771480,265,2026-03-17 08:03:32
8f18716e4771484,266,2026-03-17 08:03:33
8f18716e47714a3,267,2026-03-17 08:03:34
8f18716e47714a0,268,2026-03-17 08:03:35
8f18716e47714a4,269,2026-03-17 08:03:36
8f18716e477158b,270,2026-03-17 08:03:36
8f18716e4771588,271,2026-03-17 08:03:37
8f18716e477158d,272,2026-03-17 08:03:38
8f18716e4771436,273,2026-03-17 08:03:39
8f18716e47715a9,274,2026-03-17 08:03:40
8f18716e477151a,275,2026-03-17 08:03:40
8f18716e477151e,276,2026-03-17 08:03:41
8f18716e4771511,277,2026-03-17 08:03:42
8f18716e4771502,278,2026-03-17 08:03:43
8f18716e4771506,279,2026-03-17 08:03:44
8f18716e4771531,280,2026-03-17 08:03:44
8f18716e4771522,281,2026-03-17 08:03:45
8f18716e4771520,282,2026-03-17 08:03:46
8f18716e4771524,283,2026-03-17 08:03:47
8f18716e4771c8a,284,2026-03-17 08:03:48
8f18716e4771c88,285,2026-03-17 08:03:48
8f18716e4771c8c,286,2026-03-17 08:03:49
8f18716e4771cab,287,2026-03-17 08:03:50
8f18716e4771ca8,288,2026-03-17 08:03:51
8f18716e4771cad,289,2026-03-17 08:03:52
8f18716e4771c13,290,2026-03-17 08:03:52
8f18716e4771c10,291,2026-03-17 08:03:53
8f18716e4771c14,292,2026-03-17 08:03:54
8f18716e4771c33,293,2026-03-17 08:03:55
8f18716e4771c31,294,2026-03-17 08:03:56
8f18716e4771c35,295,2026-03-17 08:03:56
8f18716e4771d1b,296,2026-03-17 08:03:57
8f18716e4771d19,297,2026-03-17 08:03:58
8f18716e4771d0a,298,2026-03-17 08:03:59
8f18716e4771d0e,299,2026-03-17 08:04:00
8f18716e4771d01,300,2026-03-17 08:04:00
8f18716e4771d05,301,2026-03-17 08:04:01
8f18716e4771d2e,302,2026-03-17 08:04:02
8f18716e4771d21,303,2026-03-17 08:04:03
8f18716e47756d2,304,2026-03-17 08:04:04
8f18716e47756d6,305,2026-03-17 08:04:04
8f18716e47756d4,306,2026-03-17 08:04:05
8f18716e47756f2,307,2026-03-17 08:04:06
8f18716e47756f0,308,2026-03-17 08:04:07
8f18716e47756f4,309,2026-03-17 08:04:08
8f18716e477561b,310,2026-03-17 08:04:08
8f18716e4775618,311,2026-03-17 08:04:09
8f18716e477561c,312,2026-03-17 08:04:10
8f18716e4775603,313,2026-03-17 08:04:11
8f18716e4775600,314,2026-03-17 08:04:12
8f18716e4775605,315,2026-03-17 08:04:12
8f18716e477562e,316,2026-03-17 08:04:13
8f18716e4775621,317,2026-03-17 08:04:14
8f18716e4775625,318,2026-03-17 08:04:15
8f18716e4775756,319,2026-03-17 08:04:16
8f18716e4775709,320,2026-03-17 08:04:16
8f18716e477570d,321,2026-03-17 08:04:17
8f18716e4775776,322,2026-03-17 08:04:18
8f18716e4775774,323,2026-03-17 08:04:19
8f18716e47750da,324,2026-03-17 08:04:20
8f18716e47750d8,325,2026-03-17 08:04:20
8f18716e47750dc,326,2026-03-17 08:04:21
8f18716e47750c2,327,2026-03-17 08:04:22
8f18716e47750c6,328,2026-03-17 08:04:23
8f18716e47750c4,329,2026-03-17 08:04:24
8f18716e47750e2,330,2026-03-17 08:04:24
8f18716e47750e0,331,2026-03-17 08:04:25
8f18716e47750e4,332,2026-03-17 08:04:26
8f18716e477500b,333,2026-03-17 08:04:27
8f18716e4775008,334,2026-03-17 08:04:28
8f18716e477500c,335,2026-03-17 08:04:28
8f18716e477502b,336,2026-03-17 08:04:29
8f18716e4775028,337,2026-03-17 08:04:30
8f18716e477502d,338,2026-03-17 08:04:31
8f18716e4775153,339,2026-03-17 08:04:32
8f18716e4775151,340,2026-03-17 08:04:32
8f18716e4775142,341,2026-03-17 08:04:33
8f18716e4775146,342,2026-03-17 08:04:34
8f18716e4775171,343,2026-03-17 08:04:35
8f18716e4775162,344,2026-03-17 08:04:36
8f18716e4775166,345,2026-03-17 08:04:36
8f18716e47758d9,346,2026-03-17 08:04:37
8f18716e47758dd,347,2026-03-17 08:04:38
8f18716e47758c3,348,2026-03-17 08:04:39
8f18716e47758c1,349,2026-03-17 08:04:40
8f18716e47758c5,350,2026-03-17 08:04:40
8f18716e47758ee,351,2026-03-17 08:04:41
8f18716e47758e1,352,2026-03-17 08:04:42
8f18716e47758e5,353,2026-03-17 08:04:43
8f18716e4775856,354,2026-03-17 08:04:44
8f18716e4775809,355,2026-03-17 08:04:44
8f18716e477580d,356,2026-03-17 08:04:45
8f18716e477582b,357,2026-03-17 08:04:46
8f18716e4775828,358,2026-03-17 08:04:47
8f18716e477582c,359,2026-03-17 08:04:48
8f18716e4775952,360,2026-03-17 08:04:48
8f18716e4775956,361,2026-03-17 08:04:49
8f18716e4775954,362,2026-03-17 08:04:50
8f18716e4775972,363,2026-03-17 08:04:51
8f18716e4775970,364,2026-03-17 08:04:52
8f18716e4775975,365,2026-03-17 08:04:52
8f18716e4775966,366,2026-03-17 08:04:53
8f18716e4775964,367,2026-03-17 08:04:54
8f18716e40db2cb,368,2026-03-17 08:04:55
8f18716e40db2c9,369,2026-03-17 08:04:56
8f18716e47665b2,370,2026-03-17 08:04:56
8f18716e47665b0,371,2026-03-17 08:04:57
8f18716e47665b5,372,2026-03-17 08:04:58
8f18716e40db25b,373,2026-03-17 08:04:59
8f18716e40db258,374,2026-03-17 08:05:00
8f18716e40db25c,375,2026-03-17 08:05:00
8f18716e40db242,376,2026-03-17 08:05:01
8f18716e40db240,377,2026-03-17 08:05:02
8f18716e40db244,378,2026-03-17 08:05:03
8f18716e40db263,379,2026-03-17 08:05:04
8f18716e40db260,380,2026-03-17 08:05:04
8f18716e40db264,381,2026-03-17 08:05:05
8f18716e40db34b,382,2026-03-17 08:05:06
8f18716e40db349,383,2026-03-17 08:05:07
8f18716e40db34d,384,2026-03-17 08:05:08
8f18716e40db36b,385,2026-03-17 08:05:08
8f18716e40db369,386,2026-03-17 08:05:09
8f18716e40db36d,387,2026-03-17 08:05:10
8f18716e4766d9e,388,2026-03-17 08:05:11
8f18716e4766d91,389,2026-03-17 08:05:12
8f18716e4766d95,390,2026-03-17 08:05:12
8f18716e4766d86,391,2026-03-17 08:05:13
8f18716e4766d84,392,2026-03-17 08:05:14
8f18716e4766da2,393,2026-03-17 08:05:15
8f18716e4766da6,394,2026-03-17 08:05:16
8f18716e4766da4,395,2026-03-17 08:05:16
8f18716e40dba4a,396,2026-03-17 08:05:17
8f18716e40dba4e,397,2026-03-17 08:05:18
8f18716e40dba4c,398,2026-03-17 08:05:19
8f18716e40dba6b,399,2026-03-17 08:05:20
8f18716e40dba69,400,2026-03-17 08:05:20
8f18716e40d969a,401,2026-03-17 08:05:21
8f18716e40d969e,402,2026-03-17 08:05:22
8f18716e40d9691,403,2026-03-17 08:05:23
8f18716e40d9682,404,2026-03-17 08:05:24
8f18716e40d9686,405,2026-03-17 08:05:24
8f18716e40d96b1,406,2026-03-17 08:05:25
8f18716e40d96a2,407,2026-03-17 08:05:26
8f18716e40d96a6,408,2026-03-17 08:05:27
8f18716e40d9799,409,2026-03-17 08:05:28
8f18716e40d979d,410,2026-03-17 08:05:28
8f18716e40d978e,411,2026-03-17 08:05:29
8f18716e40d9781,412,2026-03-17 08:05:30
8f18716e40d9785,413,2026-03-17 08:05:31
8f18716e40d97ae,414,2026-03-17 08:05:32
8f18716e40d97ac,415,2026-03-17 08:05:32
8f18716e40d9712,416,2026-03-17 08:05:33
8f18716e40d9716,417,2026-03-17 08:05:34
8f18716e40d9714,418,2026-03-17 08:05:35
8f18716e40d9732,419,2026-03-17 08:05:36
8f18716e40d9730,420,2026-03-17 08:05:36
8f18716e40d9734,421,2026-03-17 08:05:37
8f18716e40d909a,422,2026-03-17 08:05:38
8f18716e40d9098,423,2026-03-17 08:05:39
8f18716e40d909d,424,2026-03-17 08:05:40
8f18716e40d9083,425,2026-03-17 08:05:40
8f18716e40d9080,426,2026-03-17 08:05:41
8f18716e40d9085,427,2026-03-17 08:05:42
8f18716e40d90a3,428,2026-03-17 08:05:43
8f18716e40d90a0,429,2026-03-17 08:05:44
8f18716e40d90a5,430,2026-03-17 08:05:44
8f18716e40d918b,431,2026-03-17 08:05:45
8f18716e40d9189,432,2026-03-17 08:05:46
8f18716e40d9032,433,2026-03-17 08:05:47
8f18716e40d9036,434,2026-03-17 08:05:48
8f18716e40d91a9,435,2026-03-17 08:05:48
8f18716e40d911a,436,2026-03-17 08:05:49
8f18716e40d911e,437,2026-03-17 08:05:50
8f18716e40d911c,438,2026-03-17 08:05:51
8f18716e40d9102,439,2026-03-17 08:05:52
8f18716e40d9106,440,2026-03-17 08:05:52
8f18716e40d9104,441,2026-03-17 08:05:53
8f18716e40d9123,442,2026-03-17 08:05:54
8f18716e40d9120,443,2026-03-17 08:05:55
8f18716e40d9125,444,2026-03-17 08:05:56
8f18716e40d98d6,445,2026-03-17 08:05:56
8f18716e40d9889,446,2026-03-17 08:05:57
8f18716e40d988d,447,2026-03-17 08:05:58
8f18716e40d98f6,448,2026-03-17 08:05:59
8f18716e40d98a9,449,2026-03-17 08:06:00
8f18716e40d981a,450,2026-03-17 08:06:00
8f18716e40d981e,451,2026-03-17 08:06:01
8f18716e40d9811,452,2026-03-17 08:06:02
8f18716e40d9802,453,2026-03-17 08:06:03
8f18716e40d9806,454,2026-03-17 08:06:04
8f18716e40d9804,455,2026-03-17 08:06:04
8f18716e40d9822,456,2026-03-17 08:06:05
8f18716e40d9826,457,2026-03-17 08:06:06
8f18716e40d9919,458,2026-03-17 08:06:07
8f18716e40d990a,459,2026-03-17 08:06:08
8f18716e40d9908,460,2026-03-17 08:06:08
8f18716e40d990c,461,2026-03-17 08:06:09
8f18716e40d992a,462,2026-03-17 08:06:10
8f18716e40d992e,463,2026-03-17 08:06:11
8f18716e40d992c,464,2026-03-17 08:06:12
8f18716e40dd2d2,465,2026-03-17 08:06:12
8f18716e40dd2d0,466,2026-03-17 08:06:13
8f18716e40dd2d5,467,2026-03-17 08:06:14
8f18716e40dd2f3,468,2026-03-17 08:06:15
8f18716e40dd2f0,469,2026-03-17 08:06:16
8f18716e40dd2f4,470,2026-03-17 08:06:16
8f18716e40dd21b,471,2026-03-17 08:06:17
8f18716e40dd218,472,2026-03-17 08:06:18
8f18716e40dd21d,473,2026-03-17 08:06:19
8f18716e40dd203,474,2026-03-17 08:06:20
8f18716e40dd201,475,2026-03-17 08:06:20
8f18716e40dd22a,476,2026-03-17 08:06:21
8f18716e40dd22e,477,2026-03-17 08:06:22
8f18716e40dd22c,478,2026-03-17 08:06:23
8f18716e40dd353,479,2026-03-17 08:06:24
8f18716e40dd350,480,2026-03-17 08:06:24
8f18716e40dd355,481,2026-03-17 08:06:25
8f18716e40dd346,482,2026-03-17 08:06:26
8f18716e40dd371,483,2026-03-17 08:06:27
8f18716e40dd362,484,2026-03-17 08:06:28
8f18716e40dd360,485,2026-03-17 08:06:28
8f18716e40dd365,486,2026-03-17 08:06:29
8f18716e40ddacb,487,2026-03-17 08:06:30
8f18716e40ddac8,488,2026-03-17 08:06:31
8f18716e40ddacc,489,2026-03-17 08:06:32
8f18716e40ddaea,490,2026-03-17 08:06:32
8f18716e40ddaee,491,2026-03-17 08:06:33
8f18716e40ddaec,492,2026-03-17 08:06:34
8f18716e40dda52,493,2026-03-17 08:06:35
8f18716e40dda56,494,2026-03-17 08:06:36
8f18716e40dda09,495,2026-03-17 08:06:36
8f18716e40dda72,496,2026-03-17 08:06:37
8f18716e40dda76,497,2026-03-17 08:06:38
8f18716e40dda29,498,2026-03-17 08:06:39
8f18716e40ddb5a,499,2026-03-17 08:06:40
8f18716e40ddb5e,500,2026-03-17 08:06:40
8f18716e40ddb51,501,2026-03-17 08:06:41
8f18716e40ddb42,502,2026-03-17 08:06:42
8f18716e40ddb46,503,2026-03-17 08:06:43
8f18716e40ddb44,504,2026-03-17 08:06:44
8f18716e40ddb62,505,2026-03-17 08:06:44
8f18716e40ddb66,506,2026-03-17 08:06:45
8f18716e40ddb64,507,2026-03-17 08:06:46
8f18716e40ce4cb,508,2026-03-17 08:06:47
8f18716e40ce4c8,509,2026-03-17 08:06:48
8f18716e40ce4cc,510,2026-03-17 08:06:48
8f18716e40ce4eb,511,2026-03-17 08:06:49
8f18716e40ce4e9,512,2026-03-17 08:06:50
8f18716e40ce4ed,513,2026-03-17 08:06:51
8f18716e40ce453,514,2026-03-17 08:06:52
8f18716e40ce451,515,2026-03-17 08:06:52
8f18716e40ce455,516,2026-03-17 08:06:53
8f18716e40ce473,517,2026-03-17 08:06:54
8f18716e40ce471,518,2026-03-17 08:06:55
8f18716e40ce475,519,2026-03-17 08:06:56
8f18716e40ce466,520,2026-03-17 08:06:56
8f18716e40ce559,521,2026-03-17 08:06:57
8f18716e40ce54a,522,2026-03-17 08:06:58
8f18716e40ce54e,523,2026-03-17 08:06:59
8f18716e40ce541,524,2026-03-17 08:07:00
8f18716e40ce56a,525,2026-03-17 08:07:00
8f18716e40ce56e,526,2026-03-17 08:07:01
8f18716e40ce56c,527,2026-03-17 08:07:02
8f18716e40ce193,528,2026-03-17 08:07:03
8f18716e40ce190,529,2026-03-17 08:07:04
8f18716e40ce195,530,2026-03-17 08:07:04
8f18716e40ce1b3,531,2026-03-17 08:07:05
8f18716e40ce1b0,532,2026-03-17 08:07:06
8f18716e40ce1b5,533,2026-03-17 08:07:07
8f18716e40cec5b,534,2026-03-17 08:07:08
8f18716e40cec58,535,2026-03-17 08:07:08
8f18716e40cec5d,536,2026-03-17 08:07:09
8f18716e40cec4e,537,2026-03-17 08:07:10
8f18716e40cec41,538,2026-03-17 08:07:11
8f18716e40cec6a,539,2026-03-17 08:07:12
8f18716e40cec68,540,2026-03-17 08:07:12
8f18716e40cec6c,541,2026-03-17 08:07:13
8f18716e40ce892,542,2026-03-17 08:07:14
8f18716e40ce896,543,2026-03-17 08:07:15
8f18716e40ced49,544,2026-03-17 08:07:16
8f18716e40ce8b2,545,2026-03-17 08:07:16
8f18716e40ce8b0,546,2026-03-17 08:07:17
8f18716e40ce8b5,547,2026-03-17 08:07:18
8f18716e40ce99b,548,2026-03-17 08:07:19
8f18716e40ce998,549,2026-03-17 08:07:20
8f18716e40ce99c,550,2026-03-17 08:07:20
8f18716e40ce982,551,2026-03-17 08:07:21
8f18716e40ce980,552,2026-03-17 08:07:22
8f18716e40ce984,553,2026-03-17 08:07:23
8f18716e40ce9a3,554,2026-03-17 08:07:24
8f18716e40ce9a0,555,2026-03-17 08:07:24
8f18716e40ce9a5,556,2026-03-17 08:07:25
8f18716e40ce916,557,2026-03-17 08:07:26
8f18716e40c1649,558,2026-03-17 08:07:27
8f18716e40c164d,559,2026-03-17 08:07:28
8f18716e40c166b,560,2026-03-17 08:07:28
8f18716e40c1669,561,2026-03-17 08:07:29
8f18716e40c166d,562,2026-03-17 08:07:30
8f18716e40c129e,563,2026-03-17 08:07:31
8f18716e40c1291,564,2026-03-17 08:07:32
8f18716e40c1282,565,2026-03-17 08:07:32
8f18716e40c1286,566,2026-03-17 08:07:33
8f18716e40c1284,567,2026-03-17 08:07:34
8f18716e40c12a3,568,2026-03-17 08:07:35
8f18716e40c12a0,569,2026-03-17 08:07:36
8f18716e40c12a5,570,2026-03-17 08:07:36
8f18716e40c138b,571,2026-03-17 08:07:37
8f18716e40c1388,572,2026-03-17 08:07:38
8f18716e40c138c,573,2026-03-17 08:07:39
8f18716e40c13ab,574,2026-03-17 08:07:40
8f18716e40c13a8,575,2026-03-17 08:07:40
8f18716e40c13ad,576,2026-03-17 08:07:41
8f18716e40c1313,577,2026-03-17 08:07:42
8f18716e40c1310,578,2026-03-17 08:07:43
8f18716e40c1315,579,2026-03-17 08:07:44
8f18716e40c1333,580,2026-03-17 08:07:44
8f18716e40c1331,581,2026-03-17 08:07:45
8f18716e40c1335,582,2026-03-17 08:07:46
8f18716e40c1326,583,2026-03-17 08:07:47
8f18716e40c1324,584,2026-03-17 08:07:48
8f18716e40c1a8a,585,2026-03-17 08:07:48
8f18716e40c1a8e,586,2026-03-17 08:07:49
8f18716e40c1a81,587,2026-03-17 08:07:50
8f18716e40c1aaa,588,2026-03-17 08:07:51
8f18716e40c1aa8,589,2026-03-17 08:07:52
8f18716e40c1aad,590,2026-03-17 08:07:52
8f18716e40c1a13,591,2026-03-17 08:07:53
8f18716e40c1a10,592,2026-03-17 08:07:54
8f18716e40c1a14,593,2026-03-17 08:07:55
8f18716e40c1a33,594,2026-03-17 08:07:56
8f18716e40c1a30,595,2026-03-17 08:07:56
8f18716e40c1a34,596,2026-03-17 08:07:57
8f18716e40c1b1b,597,2026-03-17 08:07:58
8f18716e40c1b18,598,2026-03-17 08:07:59
8f18716e40c1b1d,599,2026-03-17 08:08:00
8f18716e40c1b0e,600,2026-03-17 08:08:00
8f18716e40c1b01,601,2026-03-17 08:08:01
8f18716e40c1b05,602,2026-03-17 08:08:02
8f18716e40c1b2e,603,2026-03-17 08:08:03
8f18716e40c1b21,604,2026-03-17 08:08:04
8f18716e40c1b25,605,2026-03-17 08:08:04
8f18716e40ea4d6,606,2026-03-17 08:08:05
8f18716e40ea489,607,2026-03-17 08:08:06
8f18716e40ea4f2,608,2026-03-17 08:08:07
8f18716e40ea4f6,609,2026-03-17 08:08:08
8f18716e40ea4f4,610,2026-03-17 08:08:08
8f18716e40ea41a,611,2026-03-17 08:08:09
8f18716e40ea418,612,2026-03-17 08:08:10
8f18716e40ea41c,613,2026-03-17 08:08:11
8f18716e40ea402,614,2026-03-17 08:08:12
8f18716e40ea400,615,2026-03-17 08:08:12
8f18716e40ea404,616,2026-03-17 08:08:13
8f18716e40ea423,617,2026-03-17 08:08:14
8f18716e40ea420,618,2026-03-17 08:08:15
8f18716e40ea425,619,2026-03-17 08:08:16
8f18716e40ea50b,620,2026-03-17 08:08:16
8f18716e40ea509,621,2026-03-17 08:08:17
8f18716e40ea50d,622,2026-03-17 08:08:18
8f18716e40ea52b,623,2026-03-17 08:08:19
8f18716e40ea529,624,2026-03-17 08:08:20
8f18716e40ea52d,625,2026-03-17 08:08:20
8f18716e40eacde,626,2026-03-17 08:08:21
8f18716e40eacdc,627,2026-03-17 08:08:22
8f18716e40eacc2,628,2026-03-17 08:08:23
8f18716e40eacc6,629,2026-03-17 08:08:24
8f18716e40eacc4,630,2026-03-17 08:08:24
8f18716e40eace2,631,2026-03-17 08:08:25
8f18716e40eace0,632,2026-03-17 08:08:26
8f18716e40eace4,633,2026-03-17 08:08:27
8f18716e40eac0a,634,2026-03-17 08:08:28
8f18716e40eac08,635,2026-03-17 08:08:28
8f18716e40eac0c,636,2026-03-17 08:08:29
8f18716e40eac2b,637,2026-03-17 08:08:30
8f18716e40eac28,638,2026-03-17 08:08:31
8f18716e40eac2d,639,2026-03-17 08:08:32
8f18716e40ead53,640,2026-03-17 08:08:32
8f18716e40ead51,641,2026-03-17 08:08:33
8f18716e40ead55,642,2026-03-17 08:08:34
8f18716e40ead73,643,2026-03-17 08:08:35
8f18716e40ead71,644,2026-03-17 08:08:36
8f18716e40ead75,645,2026-03-17 08:08:36
8f18716e40ead66,646,2026-03-17 08:08:37
8f18716e40ee6d9,647,2026-03-17 08:08:38
8f18716e40ee6ca,648,2026-03-17 08:08:39
8f18716e40ee6ce,649,2026-03-17 08:08:40
8f18716e40ee6cc,650,2026-03-17 08:08:40
8f18716e40ee6eb,651,2026-03-17 08:08:41
8f18716e40ee6e8,652,2026-03-17 08:08:42
8f18716e40ee6ec,653,2026-03-17 08:08:43
8f18716e40ee653,654,2026-03-17 08:08:44
8f18716e40ee650,655,2026-03-17 08:08:44
8f18716e40ee654,656,2026-03-17 08:08:45
8f18716e40ee673,657,2026-03-17 08:08:46
8f18716e40ee671,658,2026-03-17 08:08:47
8f18716e40ee675,659,2026-03-17 08:08:48
8f18716e40ee666,660,2026-03-17 08:08:48
8f18716e40ee759,661,2026-03-17 08:08:49
8f18716e40ee74a,662,2026-03-17 08:08:50
8f18716e40ee74e,663,2026-03-17 08:08:51
8f18716e40ee741,664,2026-03-17 08:08:52
8f18716e40ee745,665,2026-03-17 08:08:52
8f18716e40ee76e,666,2026-03-17 08:08:53
8f18716e40ee761,667,2026-03-17 08:08:54
8f18716e40ee392,668,2026-03-17 08:08:55
8f18716e40ee396,669,2026-03-17 08:08:56
8f18716e40ee0c9,670,2026-03-17 08:08:56
8f18716e40ee3b2,671,2026-03-17 08:08:57
8f18716e40ee3b0,672,2026-03-17 08:08:58
8f18716e40ee3b4,673,2026-03-17 08:08:59
8f18716e40ee05b,674,2026-03-17 08:09:00
8f18716e40ee058,675,2026-03-17 08:09:00
8f18716e40ee05c,676,2026-03-17 08:09:01
8f18716e40ee043,677,2026-03-17 08:09:02
8f18716e40ee041,678,2026-03-17 08:09:03
8f18716e40ee045,679,2026-03-17 08:09:04
8f18716e40ee06e,680,2026-03-17 08:09:04
8f18716e40ee06c,681,2026-03-17 08:09:05
8f18716e40eea92,682,2026-03-17 08:09:06
8f18716e40eea96,683,2026-03-17 08:09:07
8f18716e40ee149,684,2026-03-17 08:09:08
8f18716e40ee14d,685,2026-03-17 08:09:08
8f18716e40ee16b,686,2026-03-17 08:09:09
8f18716e40ee169,687,2026-03-17 08:09:10
8f18716e40eeb9a,688,2026-03-17 08:09:11
8f18716e40eeb9e,689,2026-03-17 08:09:12
8f18716e40eeb91,690,2026-03-17 08:09:12
8f18716e40eeb82,691,2026-03-17 08:09:13
8f18716e40eeb80,692,2026-03-17 08:09:14
8f18716e40eeb84,693,2026-03-17 08:09:15
8f18716e40eeba2,694,2026-03-17 08:09:16
8f18716e40eeba6,695,2026-03-17 08:09:16
8f18716e40eeba4,696,2026-03-17 08:09:17
8f18716e40ee84a,697,2026-03-17 08:09:18
8f18716e40ee848,698,2026-03-17 08:09:19
8f18716e40ee84c,699,2026-03-17 08:09:20
8f18716e40ee86b,700,2026-03-17 08:09:20
8f18716e40ee868,701,2026-03-17 08:09:21
8f18716e40ee86c,702,2026-03-17 08:09:22
8f18716e40ec493,703,2026-03-17 08:09:23
8f18716e40ec490,704,2026-03-17 08:09:24
8f18716e40ec494,705,2026-03-17 08:09:24
8f18716e40ec4b2,706,2026-03-17 08:09:25
8f18716e40ec4b0,707,2026-03-17 08:09:26
8f18716e40ec4b4,708,2026-03-17 08:09:27
8f18716e40ec59a,709,2026-03-17 08:09:28
8f18716e40ec598,710,2026-03-17 08:09:28
8f18716e40ec59c,711,2026-03-17 08:09:29
8f18716e40ec582,712,2026-03-17 08:09:30
8f18716e40ec586,713,2026-03-17 08:09:31
8f18716e40ec5b1,714,2026-03-17 08:09:32
8f18716e40ec5b5,715,2026-03-17 08:09:32
8f18716e40e125b,716,2026-03-17 08:09:33
8f18716e40e1258,717,2026-03-17 08:09:34
8f18716e40e125c,718,2026-03-17 08:09:35
8f18716e40e1242,719,2026-03-17 08:09:36
8f18716e40e1246,720,2026-03-17 08:09:36
8f18716e40e1271,721,2026-03-17 08:09:37
8f18716e40e1275,722,2026-03-17 08:09:38
8f18716e40e1266,723,2026-03-17 08:09:39
8f18716e40e1264,724,2026-03-17 08:09:40
8f18716e40e134b,725,2026-03-17 08:09:40
8f18716e40e1349,726,2026-03-17 08:09:41
8f18716e40eccb2,727,2026-03-17 08:09:42
8f18716e40eccb0,728,2026-03-17 08:09:43
8f18716e40eccb5,729,2026-03-17 08:09:44
8f18716e40ecca6,730,2026-03-17 08:09:44
8f18716e40ecca4,731,2026-03-17 08:09:45
8f18716e40ecd8b,732,2026-03-17 08:09:46
8f18716e40ecd89,733,2026-03-17 08:09:47
8f18716e40ecc32,734,2026-03-17 08:09:48
8f18716e40ecc36,735,2026-03-17 08:09:48
8f18716e40ecc34,736,2026-03-17 08:09:49
8f18716e40ecd1b,737,2026-03-17 08:09:50
8f18716e40ecd19,738,2026-03-17 08:09:51
8f18716e40ecd1d,739,2026-03-17 08:09:52
8f18716e40ecd03,740,2026-03-17 08:09:52
8f18716e40ecd00,741,2026-03-17 08:09:53
8f18716e40ecd05,742,2026-03-17 08:09:54
8f18716e40ecd23,743,2026-03-17 08:09:55
8f18716e40ecd20,744,2026-03-17 08:09:56
8f18716e40ecd25,745,2026-03-17 08:09:56
8f18716e405268b,746,2026-03-17 08:09:57
8f18716e4052689,747,2026-03-17 08:09:58
8f18716e40526f2,748,2026-03-17 08:09:59
8f18716e40526f6,749,2026-03-17 08:10:00
8f18716e40526f4,750,2026-03-17 08:10:00
8f18716e405261a,751,2026-03-17 08:10:01
8f18716e4052618,752,2026-03-17 08:10:02
8f18716e405261c,753,2026-03-17 08:10:03
8f18716e4052602,754,2026-03-17 08:10:04
8f18716e4052600,755,2026-03-17 08:10:04
8f18716e4052604,756,2026-03-17 08:10:05
8f18716e4052622,757,2026-03-17 08:10:06
8f18716e4052626,758,2026-03-17 08:10:07
8f18716e4052624,759,2026-03-17 08:10:08
8f18716e405270a,760,2026-03-17 08:10:08
8f18716e4052708,761,2026-03-17 08:10:09
8f18716e405270c,762,2026-03-17 08:10:10
8f18716e405272b,763,2026-03-17 08:10:11
8f18716e4052728,764,2026-03-17 08:10:12
8f18716e405272d,765,2026-03-17 08:10:12
8f18716e40520d3,766,2026-03-17 08:10:13
8f18716e40520d0,767,2026-03-17 08:10:14
8f18716e40520d5,768,2026-03-17 08:10:15
8f18716e40520f3,769,2026-03-17 08:10:16
8f18716e40520f1,770,2026-03-17 08:10:16
8f18716e40520f5,771,2026-03-17 08:10:17
8f18716e40520e6,772,2026-03-17 08:10:18
8f18716e4052019,773,2026-03-17 08:10:19
8f18716e405200a,774,2026-03-17 08:10:20
8f18716e405200e,775,2026-03-17 08:10:20
8f18716e4052001,776,2026-03-17 08:10:21
8f18716e405202a,777,2026-03-17 08:10:22
8f18716e405202e,778,2026-03-17 08:10:23
8f18716e405202c,779,2026-03-17 08:10:24
8f18716e4052153,780,2026-03-17 08:10:24
8f18716e4052150,781,2026-03-17 08:10:25
8f18716e4052154,782,2026-03-17 08:10:26
8f18716e4052172,783,2026-03-17 08:10:27
8f18716e4052170,784,2026-03-17 08:10:28
8f18716e4052174,785,2026-03-17 08:10:28
8f18716e40528db,786,2026-03-17 08:10:29
8f18716e40528d8,787,2026-03-17 08:10:30
8f18716e40528dd,788,2026-03-17 08:10:31
8f18716e40528c3,789,2026-03-17 08:10:32
8f18716e40528c1,790,2026-03-17 08:10:32
8f18716e40528c5,791,2026-03-17 08:10:33
8f18716e40528e3,792,2026-03-17 08:10:34
8f18716e40528e1,793,2026-03-17 08:10:35
8f18716e4052852,794,2026-03-17 08:10:36
8f18716e4052856,795,2026-03-17 08:10:36
8f18716e4052854,796,2026-03-17 08:10:37
8f18716e4052872,797,2026-03-17 08:10:38
8f18716e4052876,798,2026-03-17 08:10:39
8f18716e4052829,799,2026-03-17 08:10:40
8f18716e405282d,800,2026-03-17 08:10:40
8f18716e405295e,801,2026-03-17 08:10:41
8f18716e4052951,802,2026-03-17 08:10:42
8f18716e4052942,803,2026-03-17 08:10:43
8f18716e4052940,804,2026-03-17 08:10:44
8f18716e4052945,805,2026-03-17 08:10:44
8f18716e405296e,806,2026-03-17 08:10:45
8f18716e4052961,807,2026-03-17 08:10:46
8f18716e4052965,808,2026-03-17 08:10:47
8f18716e40562cb,809,2026-03-17 08:10:48
8f18716e40562c9,810,2026-03-17 08:10:48
8f18716e40505b2,811,2026-03-17 08:10:49
8f18716e40505b6,812,2026-03-17 08:10:50
8f18716e40505b4,813,2026-03-17 08:10:51
8f18716e405625a,814,2026-03-17 08:10:52
8f18716e4056258,815,2026-03-17 08:10:52
8f18716e405625c,816,2026-03-17 08:10:53
8f18716e4056243,817,2026-03-17 08:10:54
8f18716e4056240,818,2026-03-17 08:10:55
8f18716e4056244,819,2026-03-17 08:10:56
8f18716e4056262,820,2026-03-17 08:10:56
8f18716e4056266,821,2026-03-17 08:10:57
8f18716e4056264,822,2026-03-17 08:10:58
8f18716e405634b,823,2026-03-17 08:10:59
8f18716e4056348,824,2026-03-17 08:11:00
8f18716e405634c,825,2026-03-17 08:11:00
8f18716e405636b,826,2026-03-17 08:11:01
8f18716e4056369,827,2026-03-17 08:11:02
8f18716e4050d9a,828,2026-03-17 08:11:03
8f18716e4050d9e,829,2026-03-17 08:11:04
8f18716e4050d91,830,2026-03-17 08:11:04
8f18716e4050d95,831,2026-03-17 08:11:05
8f18716e4050d86,832,2026-03-17 08:11:06
8f18716e4050d84,833,2026-03-17 08:11:07
8f18716e4050da2,834,2026-03-17 08:11:08
8f18716e4050da0,835,2026-03-17 08:11:08
8f18716e4050da4,836,2026-03-17 08:11:09
8f18716e4056a4a,837,2026-03-17 08:11:10
8f18716e4056a4e,838,2026-03-17 08:11:11
8f18716e4056a4c,839,2026-03-17 08:11:12
8f18716e4056a6a,840,2026-03-17 08:11:12
8f18716e4056a68,841,2026-03-17 08:11:13
8f18716e4056a6c,842,2026-03-17 08:11:14
8f18716e4054692,843,2026-03-17 08:11:15
8f18716e4054690,844,2026-03-17 08:11:16
8f18716e4054695,845,2026-03-17 08:11:16
8f18716e40546b3,846,2026-03-17 08:11:17
8f18716e40546b1,847,2026-03-17 08:11:18
8f18716e40546b5,848,2026-03-17 08:11:19
8f18716e40546a6,849,2026-03-17 08:11:20
8f18716e4054799,850,2026-03-17 08:11:20
8f18716e405478a,851,2026-03-17 08:11:21
8f18716e405478e,852,2026-03-17 08:11:22
8f18716e4054781,853,2026-03-17 08:11:23
8f18716e4054785,854,2026-03-17 08:11:24
8f18716e40547ae,855,2026-03-17 08:11:24
8f18716e40547ac,856,2026-03-17 08:11:25
8f18716e4054712,857,2026-03-17 08:11:26
8f18716e4054716,858,2026-03-17 08:11:27
8f18716e4054449,859,2026-03-17 08:11:28
8f18716e4054732,860,2026-03-17 08:11:28
8f18716e4054736,861,2026-03-17 08:11:29
8f18716e4054734,862,2026-03-17 08:11:30
8f18716e405409a,863,2026-03-17 08:11:31
8f18716e4054098,864,2026-03-17 08:11:32
8f18716e405409d,865,2026-03-17 08:11:32
8f18716e405408e,866,2026-03-17 08:11:33
8f18716e4054081,867,2026-03-17 08:11:34
8f18716e4054085,868,2026-03-17 08:11:35
8f18716e40540ae,869,2026-03-17 08:11:36
8f18716e40540a1,870,2026-03-17 08:11:36
8f18716e40540a5,871,2026-03-17 08:11:37
8f18716e4054016,872,2026-03-17 08:11:38
8f18716e4054189,873,2026-03-17 08:11:39
8f18716e4054032,874,2026-03-17 08:11:40
8f18716e4054030,875,2026-03-17 08:11:40
8f18716e4054034,876,2026-03-17 08:11:41
8f18716e405411b,877,2026-03-17 08:11:42
8f18716e4054118,878,2026-03-17 08:11:43
8f18716e405411c,879,2026-03-17 08:11:44
8f18716e4054103,880,2026-03-17 08:11:44
8f18716e4054101,881,2026-03-17 08:11:45
8f18716e4054105,882,2026-03-17 08:11:46
8f18716e405412e,883,2026-03-17 08:11:47
8f18716e4054121,884,2026-03-17 08:11:48
8f18716e4054125,885,2026-03-17 08:11:48
8f18716e405488b,886,2026-03-17 08:11:49
8f18716e4054888,887,2026-03-17 08:11:50
8f18716e405488d,888,2026-03-17 08:11:51
8f18716e40548ab,889,2026-03-17 08:11:52
8f18716e40548a8,890,2026-03-17 08:11:52
8f18716e40548ac,891,2026-03-17 08:11:53
8f18716e4054813,892,2026-03-17 08:11:54
8f18716e4054810,893,2026-03-17 08:11:55
8f18716e4054815,894,2026-03-17 08:11:56
8f18716e4054833,895,2026-03-17 08:11:56
8f18716e4054831,896,2026-03-17 08:11:57
8f18716e4054822,897,2026-03-17 08:11:58
8f18716e4054826,898,2026-03-17 08:11:59
8f18716e4054824,899,2026-03-17 08:12:00
8f18716e405490a,900,2026-03-17 08:12:00
8f18716e405490e,901,2026-03-17 08:12:01
8f18716e4054901,902,2026-03-17 08:12:02
8f18716e405492a,903,2026-03-17 08:12:03
8f18716e405492e,904,2026-03-17 08:12:04
8f18716e405492c,905,2026-03-17 08:12:04
8f18716e40722d3,906,2026-03-17 08:12:05
8f18716e40722d0,907,2026-03-17 08:12:06
8f18716e40722d4,908,2026-03-17 08:12:07
8f18716e40722f3,909,2026-03-17 08:12:08
8f18716e40722f0,910,2026-03-17 08:12:08
8f18716e40722f4,911,2026-03-17 08:12:09
8f18716e407221b,912,2026-03-17 08:12:10
8f18716e4072218,913,2026-03-17 08:12:11
8f18716e407221d,914,2026-03-17 08:12:12
8f18716e407220e,915,2026-03-17 08:12:12
8f18716e4072201,916,2026-03-17 08:12:13
8f18716e4072205,917,2026-03-17 08:12:14
8f18716e407222e,918,2026-03-17 08:12:15
8f18716e407222c,919,2026-03-17 08:12:16
8f18716e4072352,920,2026-03-17 08:12:16
8f18716e4072356,921,2026-03-17 08:12:17
8f18716e4072309,922,2026-03-17 08:12:18
8f18716e4072372,923,2026-03-17 08:12:19
8f18716e4072376,924,2026-03-17 08:12:20
8f18716e4072374,925,2026-03-17 08:12:20
8f18716e4072ada,926,2026-03-17 08:12:21
8f18716e4072ad8,927,2026-03-17 08:12:22
8f18716e4072add,928,2026-03-17 08:12:23
8f18716e4072ac3,929,2026-03-17 08:12:24
8f18716e4072ac0,930,2026-03-17 08:12:24
8f18716e4072ac5,931,2026-03-17 08:12:25
8f18716e4072ae3,932,2026-03-17 08:12:26
8f18716e4072ae0,933,2026-03-17 08:12:27
8f18716e4072ae5,934,2026-03-17 08:12:28
8f18716e4072a0b,935,2026-03-17 08:12:28
8f18716e4072a09,936,2026-03-17 08:12:29
8f18716e4072a72,937,2026-03-17 08:12:30
8f18716e4072a76,938,2026-03-17 08:12:31
8f18716e4072a29,939,2026-03-17 08:12:32
8f18716e4072b5a,940,2026-03-17 08:12:32
8f18716e4072b5e,941,2026-03-17 08:12:33
8f18716e4072b5c,942,2026-03-17 08:12:34
8f18716e4072b42,943,2026-03-17 08:12:35
8f18716e4072b40,944,2026-03-17 08:12:36
8f18716e4072b44,945,2026-03-17 08:12:36
8f18716e4072b62,946,2026-03-17 08:12:37
8f18716e4072b66,947,2026-03-17 08:12:38
8f18716e4072b64,948,2026-03-17 08:12:39
8f18716e40704ca,949,2026-03-17 08:12:40
8f18716e40704ce,950,2026-03-17 08:12:40
8f18716e40704cc,951,2026-03-17 08:12:41
8f18716e40704eb,952,2026-03-17 08:12:42
8f18716e40704e8,953,2026-03-17 08:12:43
8f18716e40704ec,954,2026-03-17 08:12:44
8f18716e4070452,955,2026-03-17 08:12:44
8f18716e4070456,956,2026-03-17 08:12:45
8f18716e4070454,957,2026-03-17 08:12:46
8f18716e4070473,958,2026-03-17 08:12:47
8f18716e4070471,959,2026-03-17 08:12:48
8f18716e4070475,960,2026-03-17 08:12:48
8f18716e4070466,961,2026-03-17 08:12:49
8f18716e4070559,962,2026-03-17 08:12:50
8f18716e407054a,963,2026-03-17 08:12:51
8f18716e4070548,964,2026-03-17 08:12:52
8f18716e407054d,965,2026-03-17 08:12:52
8f18716e407056b,966,2026-03-17 08:12:53
8f18716e4070568,967,2026-03-17 08:12:54
8f18716e407056d,968,2026-03-17 08:12:55
8f18716e4070193,969,2026-03-17 08:12:56
8f18716e4070190,970,2026-03-17 08:12:56
8f18716e4070194,971,2026-03-17 08:12:57
8f18716e40701b3,972,2026-03-17 08:12:58
8f18716e40701b0,973,2026-03-17 08:12:59
8f18716e40701b4,974,2026-03-17 08:13:00
8f18716e4070c5b,975,2026-03-17 08:13:00
8f18716e4070c58,976,2026-03-17 08:13:01
8f18716e4070c5d,977,2026-03-17 08:13:02
8f18716e4070c43,978,2026-03-17 08:13:03
8f18716e4070c41,979,2026-03-17 08:13:04
8f18716e4070c6a,980,2026-03-17 08:13:04
8f18716e4070c6e,981,2026-03-17 08:13:05
8f18716e4070c61,982,2026-03-17 08:13:06
8f18716e4070892,983,2026-03-17 08:13:07
8f18716e4070896,984,2026-03-17 08:13:08
8f18716e4070d49,985,2026-03-17 08:13:08
8f18716e40708b2,986,2026-03-17 08:13:09
8f18716e40708b6,987,2026-03-17 08:13:10
8f18716e40708b4,988,2026-03-17 08:13:11
8f18716e407099a,989,2026-03-17 08:13:12
8f18716e4070998,990,2026-03-17 08:13:12
8f18716e407099c,991,2026-03-17 08:13:13
8f18716e4070983,992,2026-03-17 08:13:14
8f18716e4070981,993,2026-03-17 08:13:15
8f18716e4070985,994,2026-03-17 08:13:16
8f18716e40709a3,995,2026-03-17 08:13:16
8f18716e40709a1,996,2026-03-17 08:13:17
8f18716e40709a5,997,2026-03-17 08:13:18
8f18716e407464b,998,2026-03-17 08:13:19
8f18716e4074649,999,2026-03-17 08:13:20
8f18716e4070932,1000,2026-03-17 08:13:20
8f18716e4070936,1001,2026-03-17 08:13:21
8f18716e4074669,1002,2026-03-17 08:13:22
8f18716e407429a,1003,2026-03-17 08:13:23
8f18716e407429e,1004,2026-03-17 08:13:24
8f18716e407429c,1005,2026-03-17 08:13:24
8f18716e4074282,1006,2026-03-17 08:13:25
8f18716e4074286,1007,2026-03-17 08:13:26
8f18716e4074284,1008,2026-03-17 08:13:27
8f18716e40742a2,1009,2026-03-17 08:13:28
8f18716e40742a0,1010,2026-03-17 08:13:28
8f18716e40742a4,1011,2026-03-17 08:13:29
8f18716e407438a,1012,2026-03-17 08:13:30
8f18716e4074388,1013,2026-03-17 08:13:31
8f18716e407438c,1014,2026-03-17 08:13:32
8f18716e40743ab,1015,2026-03-17 08:13:32
8f18716e40743a9,1016,2026-03-17 08:13:33
8f18716e40743ad,1017,2026-03-17 08:13:34
8f18716e407431e,1018,2026-03-17 08:13:35
8f18716e4074311,1019,2026-03-17 08:13:36
8f18716e4074315,1020,2026-03-17 08:13:36
8f18716e4074306,1021,2026-03-17 08:13:37
8f18716e4074331,1022,2026-03-17 08:13:38
8f18716e4074322,1023,2026-03-17 08:13:39
8f18716e4074326,1024,2026-03-17 08:13:40
8f18716e4074a99,1025,2026-03-17 08:13:40
8f18716e4074a8a,1026,2026-03-17 08:13:41
8f18716e4074a88,1027,2026-03-17 08:13:42
8f18716e4074a8c,1028,2026-03-17 08:13:43
8f18716e4074aaa,1029,2026-03-17 08:13:44
8f18716e4074aa8,1030,2026-03-17 08:13:44
8f18716e4074aac,1031,2026-03-17 08:13:45
8f18716e4074a13,1032,2026-03-17 08:13:46
8f18716e4074a11,1033,2026-03-17 08:13:47
8f18716e4074a15,1034,2026-03-17 08:13:48
8f18716e4074a33,1035,2026-03-17 08:13:48
8f18716e4074a30,1036,2026-03-17 08:13:49
8f18716e4074a35,1037,2026-03-17 08:13:50
8f18716e4074b1b,1038,2026-03-17 08:13:51
8f18716e4074b19,1039,2026-03-17 08:13:52
8f18716e4074b1d,1040,2026-03-17 08:13:52
8f18716e4074b03,1041,2026-03-17 08:13:53
8f18716e4074b01,1042,2026-03-17 08:13:54
8f18716e4074b05,1043,2026-03-17 08:13:55
8f18716e4074b23,1044,2026-03-17 08:13:56
8f18716e4074b21,1045,2026-03-17 08:13:56
8f18716e415b4d2,1046,2026-03-17 08:13:57
8f18716e415b4d6,1047,2026-03-17 08:13:58
8f18716e415b489,1048,2026-03-17 08:13:59
8f18716e415b48d,1049,2026-03-17 08:14:00
8f18716e415b4f6,1050,2026-03-17 08:14:00
8f18716e415b4f4,1051,2026-03-17 08:14:01
8f18716e415b41a,1052,2026-03-17 08:14:02
8f18716e415b418,1053,2026-03-17 08:14:03
8f18716e415b41d,1054,2026-03-17 08:14:04
8f18716e415b403,1055,2026-03-17 08:14:04
8f18716e415b400,1056,2026-03-17 08:14:05
8f18716e415b405,1057,2026-03-17 08:14:06
8f18716e415b423,1058,2026-03-17 08:14:07
8f18716e415b421,1059,2026-03-17 08:14:08
8f18716e415b425,1060,2026-03-17 08:14:08
8f18716e415b556,1061,2026-03-17 08:14:09
8f18716e415b509,1062,2026-03-17 08:14:10
8f18716e415b572,1063,2026-03-17 08:14:11
8f18716e415b576,1064,2026-03-17 08:14:12
8f18716e415b529,1065,2026-03-17 08:14:12
8f18716e415bcda,1066,2026-03-17 08:14:13
8f18716e415bcd8,1067,2026-03-17 08:14:14
8f18716e415bcdc,1068,2026-03-17 08:14:15
8f18716e415bcc2,1069,2026-03-17 08:14:16
8f18716e415bcc0,1070,2026-03-17 08:14:16
8f18716e415bcc4,1071,2026-03-17 08:14:17
8f18716e415bce2,1072,2026-03-17 08:14:18
8f18716e415bce0,1073,2026-03-17 08:14:19
8f18716e415bce5,1074,2026-03-17 08:14:20
8f18716e415bc0b,1075,2026-03-17 08:14:20
8f18716e415bc09,1076,2026-03-17 08:14:21
8f18716e415bc0d,1077,2026-03-17 08:14:22
8f18716e415bc2b,1078,2026-03-17 08:14:23
8f18716e415bc28,1079,2026-03-17 08:14:24
8f18716e415bc2d,1080,2026-03-17 08:14:24
8f18716e415bd5e,1081,2026-03-17 08:14:25
8f18716e415bd51,1082,2026-03-17 08:14:26
8f18716e415bd55,1083,2026-03-17 08:14:27
8f18716e415bd46,1084,2026-03-17 08:14:28
8f18716e415bd71,1085,2026-03-17 08:14:28
8f18716e415bd62,1086,2026-03-17 08:14:29
8f18716e415bd60,1087,2026-03-17 08:14:30
8f18716e415bd64,1088,2026-03-17 08:14:31
8f18716e41586cb,1089,2026-03-17 08:14:32
8f18716e41586c8,1090,2026-03-17 08:14:32
8f18716e41586cc,1091,2026-03-17 08:14:33
8f18716e41586eb,1092,2026-03-17 08:14:34
8f18716e41586e8,1093,2026-03-17 08:14:35
8f18716e41586ed,1094,2026-03-17 08:14:36
8f18716e4158653,1095,2026-03-17 08:14:36
8f18716e4158650,1096,2026-03-17 08:14:37
8f18716e4158654,1097,2026-03-17 08:14:38
8f18716e4158673,1098,2026-03-17 08:14:39
8f18716e4158670,1099,2026-03-17 08:14:40
8f18716e4158675,1100,2026-03-17 08:14:40
8f18716e415875b,1101,2026-03-17 08:14:41
8f18716e4158759,1102,2026-03-17 08:14:42
8f18716e415874a,1103,2026-03-17 08:14:43
8f18716e4158748,1104,2026-03-17 08:14:44
8f18716e415874c,1105,2026-03-17 08:14:44
8f18716e415876a,1106,2026-03-17 08:14:45
8f18716e415876e,1107,2026-03-17 08:14:46
8f18716e4158761,1108,2026-03-17 08:14:47
8f18716e4158392,1109,2026-03-17 08:14:48
8f18716e4158390,1110,2026-03-17 08:14:48
8f18716e4158394,1111,2026-03-17 08:14:49
8f18716e41583b2,1112,2026-03-17 08:14:50
8f18716e41583b0,1113,2026-03-17 08:14:51
8f18716e41583b4,1114,2026-03-17 08:14:52
8f18716e415805b,1115,2026-03-17 08:14:52
8f18716e4158059,1116,2026-03-17 08:14:53
8f18716e415805d,1117,2026-03-17 08:14:54
8f18716e415804e,1118,2026-03-17 08:14:55
8f18716e4158041,1119,2026-03-17 08:14:56
8f18716e4158045,1120,2026-03-17 08:14:56
8f18716e415806e,1121,2026-03-17 08:14:57
8f18716e4158061,1122,2026-03-17 08:14:58
8f18716e4158a92,1123,2026-03-17 08:14:59
8f18716e4158a96,1124,2026-03-17 08:15:00
8f18716e4158149,1125,2026-03-17 08:15:00
8f18716e415814d,1126,2026-03-17 08:15:01
8f18716e415816b,1127,2026-03-17 08:15:02
8f18716e4158168,1128,2026-03-17 08:15:03
8f18716e415816c,1129,2026-03-17 08:15:04
8f18716e4158b92,1130,2026-03-17 08:15:04
8f18716e4158b90,1131,2026-03-17 08:15:05
8f18716e4158b95,1132,2026-03-17 08:15:06
8f18716e4158bb3,1133,2026-03-17 08:15:07
8f18716e4158bb0,1134,2026-03-17 08:15:08
8f18716e4158bb4,1135,2026-03-17 08:15:08
8f18716e415885a,1136,2026-03-17 08:15:09
8f18716e4158858,1137,2026-03-17 08:15:10
8f18716e415885c,1138,2026-03-17 08:15:11
8f18716e4158842,1139,2026-03-17 08:15:12
8f18716e4158840,1140,2026-03-17 08:15:12
8f18716e4158845,1141,2026-03-17 08:15:13
8f18716e4158863,1142,2026-03-17 08:15:14
8f18716e4158860,1143,2026-03-17 08:15:15
8f18716e4158864,1144,2026-03-17 08:15:16
8f18716e415894a,1145,2026-03-17 08:15:16
8f18716e415894e,1146,2026-03-17 08:15:17
8f18716e4158941,1147,2026-03-17 08:15:18
8f18716e4158945,1148,2026-03-17 08:15:19
8f18716e4158963,1149,2026-03-17 08:15:20
8f18716e4158960,1150,2026-03-17 08:15:20
8f18716e4158964,1151,2026-03-17 08:15:21
8f18716e415c2ca,1152,2026-03-17 08:15:22
8f18716e415c2c8,1153,2026-03-17 08:15:23
8f18716e415c2cd,1154,2026-03-17 08:15:24
8f18716e415d5b6,1155,2026-03-17 08:15:24
8f18716e415d5b4,1156,2026-03-17 08:15:25
8f18716e415c25b,1157,2026-03-17 08:15:26
8f18716e415c259,1158,2026-03-17 08:15:27
8f18716e415c24a,1159,2026-03-17 08:15:28
8f18716e415c248,1160,2026-03-17 08:15:28
8f18716e415c24d,1161,2026-03-17 08:15:29
8f18716e415d536,1162,2026-03-17 08:15:30
8f18716e415d534,1163,2026-03-17 08:15:31
8f18716e415dc9b,1164,2026-03-17 08:15:32
8f18716e415dc99,1165,2026-03-17 08:15:32
8f18716e415dc9d,1166,2026-03-17 08:15:33
8f18716e415dc8e,1167,2026-03-17 08:15:34
8f18716e415dc81,1168,2026-03-17 08:15:35
8f18716e415dc85,1169,2026-03-17 08:15:36
8f18716e415dcae,1170,2026-03-17 08:15:36
8f18716e415dcac,1171,2026-03-17 08:15:37
8f18716e415dc13,1172,2026-03-17 08:15:38
8f18716e415dc10,1173,2026-03-17 08:15:39
8f18716e415dc15,1174,2026-03-17 08:15:40
8f18716e415dc06,1175,2026-03-17 08:15:40
8f18716e415dc31,1176,2026-03-17 08:15:41
8f18716e415dc35,1177,2026-03-17 08:15:42
8f18716e415dd1b,1178,2026-03-17 08:15:43
8f18716e415dd18,1179,2026-03-17 08:15:44
8f18716e415dd1c,1180,2026-03-17 08:15:44
8f18716e415dd03,1181,2026-03-17 08:15:45
8f18716e415dd00,1182,2026-03-17 08:15:46
8f18716e415dd05,1183,2026-03-17 08:15:47
8f18716e415dd23,1184,2026-03-17 08:15:48
8f18716e415dd20,1185,2026-03-17 08:15:48
8f18716e415dd24,1186,2026-03-17 08:15:49
8f18716e414368a,1187,2026-03-17 08:15:50
8f18716e4143688,1188,2026-03-17 08:15:51
8f18716e414368d,1189,2026-03-17 08:15:52
8f18716e41436f6,1190,2026-03-17 08:15:52
8f18716e41436f4,1191,2026-03-17 08:15:53
8f18716e414361b,1192,2026-03-17 08:15:54
8f18716e4143618,1193,2026-03-17 08:15:55
8f18716e414361d,1194,2026-03-17 08:15:56
8f18716e4143603,1195,2026-03-17 08:15:56
8f18716e4143600,1196,2026-03-17 08:15:57
8f18716e4143604,1197,2026-03-17 08:15:58
8f18716e4143622,1198,2026-03-17 08:15:59
8f18716e4143620,1199,2026-03-17 08:16:00
8f18716e4143624,1200,2026-03-17 08:16:00
8f18716e414370b,1201,2026-03-17 08:16:01
8f18716e4143708,1202,2026-03-17 08:16:02
8f18716e414370c,1203,2026-03-17 08:16:03
8f18716e414372b,1204,2026-03-17 08:16:04
8f18716e4143728,1205,2026-03-17 08:16:04
8f18716e414372d,1206,2026-03-17 08:16:05
8f18716e41430d3,1207,2026-03-17 08:16:06
8f18716e41430d1,1208,2026-03-17 08:16:07
8f18716e41430c2,1209,2026-03-17 08:16:08
8f18716e41430c0,1210,2026-03-17 08:16:08
8f18716e41430c4,1211,2026-03-17 08:16:09
8f18716e41430e2,1212,2026-03-17 08:16:10
8f18716e41430e6,1213,2026-03-17 08:16:11
8f18716e41430e4,1214,2026-03-17 08:16:12
8f18716e414300b,1215,2026-03-17 08:16:12
8f18716e4143008,1216,2026-03-17 08:16:13
8f18716e414300c,1217,2026-03-17 08:16:14
8f18716e414302a,1218,2026-03-17 08:16:15
8f18716e4143028,1219,2026-03-17 08:16:16
8f18716e414302d,1220,2026-03-17 08:16:16
8f18716e4143153,1221,2026-03-17 08:16:17
8f18716e4143150,1222,2026-03-17 08:16:18
8f18716e4143155,1223,2026-03-17 08:16:19
8f18716e4143173,1224,2026-03-17 08:16:20
8f18716e4143170,1225,2026-03-17 08:16:20
8f18716e4143175,1226,2026-03-17 08:16:21
8f18716e4143166,1227,2026-03-17 08:16:22
8f18716e4143164,1228,2026-03-17 08:16:23
8f18716e41438ca,1229,2026-03-17 08:16:24
8f18716e41438c8,1230,2026-03-17 08:16:24
8f18716e41438cc,1231,2026-03-17 08:16:25
8f18716e41438ea,1232,2026-03-17 08:16:26
8f18716e41438ee,1233,2026-03-17 08:16:27
8f18716e41438e1,1234,2026-03-17 08:16:28
8f18716e4143852,1235,2026-03-17 08:16:28
8f18716e4143850,1236,2026-03-17 08:16:29
8f18716e4143854,1237,2026-03-17 08:16:30
8f18716e4143872,1238,2026-03-17 08:16:31
8f18716e4143876,1239,2026-03-17 08:16:32
8f18716e4143874,1240,2026-03-17 08:16:32
8f18716e414395a,1241,2026-03-17 08:16:33
8f18716e4143958,1242,2026-03-17 08:16:34
8f18716e414395d,1243,2026-03-17 08:16:35
8f18716e4143943,1244,2026-03-17 08:16:36
8f18716e4143940,1245,2026-03-17 08:16:36
8f18716e4143944,1246,2026-03-17 08:16:37
8f18716e4143963,1247,2026-03-17 08:16:38
8f18716e4143960,1248,2026-03-17 08:16:39
8f18716e4143965,1249,2026-03-17 08:16:40
8f18716e4141596,1250,2026-03-17 08:16:40
8f18716e41402c9,1251,2026-03-17 08:16:41
8f18716e41415b2,1252,2026-03-17 08:16:42
8f18716e41415b0,1253,2026-03-17 08:16:43
8f18716e41415b4,1254,2026-03-17 08:16:44
8f18716e414025a,1255,2026-03-17 08:16:44
8f18716e414025e,1256,2026-03-17 08:16:45
8f18716e414025c,1257,2026-03-17 08:16:46
8f18716e4140242,1258,2026-03-17 08:16:47
8f18716e4140240,1259,2026-03-17 08:16:48
8f18716e4140244,1260,2026-03-17 08:16:48
8f18716e4140263,1261,2026-03-17 08:16:49
8f18716e4140261,1262,2026-03-17 08:16:50
8f18716e4140265,1263,2026-03-17 08:16:51
8f18716e414034b,1264,2026-03-17 08:16:52
8f18716e4140349,1265,2026-03-17 08:16:52
8f18716e4141cb2,1266,2026-03-17 08:16:53
8f18716e4141cb6,1267,2026-03-17 08:16:54
8f18716e4140369,1268,2026-03-17 08:16:55
8f18716e4141d9a,1269,2026-03-17 08:16:56
8f18716e4141d9e,1270,2026-03-17 08:16:56
8f18716e4141d9c,1271,2026-03-17 08:16:57
8f18716e4141d82,1272,2026-03-17 08:16:58
8f18716e4141d80,1273,2026-03-17 08:16:59
8f18716e4141d84,1274,2026-03-17 08:17:00
8f18716e4141da2,1275,2026-03-17 08:17:00
8f18716e4141da6,1276,2026-03-17 08:17:01
8f18716e4141da4,1277,2026-03-17 08:17:02
8f18716e4140a4a,1278,2026-03-17 08:17:03
8f18716e4140a4e,1279,2026-03-17 08:17:04
8f18716e4140a41,1280,2026-03-17 08:17:04
8f18716e4140a6a,1281,2026-03-17 08:17:05
8f18716e4140a6e,1282,2026-03-17 08:17:06
8f18716e4140a6c,1283,2026-03-17 08:17:07
8f18716e4145692,1284,2026-03-17 08:17:08
8f18716e4145690,1285,2026-03-17 08:17:08
8f18716e4145694,1286,2026-03-17 08:17:09
8f18716e41456b3,1287,2026-03-17 08:17:10
8f18716e41456b0,1288,2026-03-17 08:17:11
8f18716e41456b4,1289,2026-03-17 08:17:12
8f18716e414579b,1290,2026-03-17 08:17:12
8f18716e4145798,1291,2026-03-17 08:17:13
8f18716e414579d,1292,2026-03-17 08:17:14
8f18716e4145783,1293,2026-03-17 08:17:15
8f18716e4145780,1294,2026-03-17 08:17:16
8f18716e4145785,1295,2026-03-17 08:17:16
8f18716e41457a3,1296,2026-03-17 08:17:17
8f18716e41457a1,1297,2026-03-17 08:17:18
8f18716e41457a5,1298,2026-03-17 08:17:19
8f18716e4145716,1299,2026-03-17 08:17:20
8f18716e4145714,1300,2026-03-17 08:17:20
8f18716e4145733,1301,2026-03-17 08:17:21
8f18716e4145730,1302,2026-03-17 08:17:22
8f18716e4145735,1303,2026-03-17 08:17:23
8f18716e414509b,1304,2026-03-17 08:17:24
8f18716e4145098,1305,2026-03-17 08:17:24
8f18716e414509c,1306,2026-03-17 08:17:25
8f18716e4145082,1307,2026-03-17 08:17:26
8f18716e4145080,1308,2026-03-17 08:17:27
8f18716e4145084,1309,2026-03-17 08:17:28
8f18716e41450a3,1310,2026-03-17 08:17:28
8f18716e41450a1,1311,2026-03-17 08:17:29
8f18716e41450a5,1312,2026-03-17 08:17:30
8f18716e414518b,1313,2026-03-17 08:17:31
8f18716e4145188,1314,2026-03-17 08:17:32
8f18716e414518c,1315,2026-03-17 08:17:32
8f18716e41451aa,1316,2026-03-17 08:17:33
8f18716e41451a8,1317,2026-03-17 08:17:34
8f18716e41451ac,1318,2026-03-17 08:17:35
8f18716e4145112,1319,2026-03-17 08:17:36
8f18716e4145110,1320,2026-03-17 08:17:36
8f18716e4145114,1321,2026-03-17 08:17:37
8f18716e4145133,1322,2026-03-17 08:17:38
8f18716e4145130,1323,2026-03-17 08:17:39
8f18716e4145135,1324,2026-03-17 08:17:40
8f18716e414589b,1325,2026-03-17 08:17:40
8f18716e4145898,1326,2026-03-17 08:17:41
8f18716e414589d,1327,2026-03-17 08:17:42
8f18716e414588e,1328,2026-03-17 08:17:43
8f18716e414588c,1329,2026-03-17 08:17:44
8f18716e41458aa,1330,2026-03-17 08:17:44
8f18716e41458a8,1331,2026-03-17 08:17:45
8f18716e41458ac,1332,2026-03-17 08:17:46
8f18716e4145813,1333,2026-03-17 08:17:47
8f18716e4145810,1334,2026-03-17 08:17:48
8f18716e4145815,1335,2026-03-17 08:17:48
8f18716e4145833,1336,2026-03-17 08:17:49
8f18716e4145831,1337,2026-03-17 08:17:50
8f18716e4145835,1338,2026-03-17 08:17:51
8f18716e414591b,1339,2026-03-17 08:17:52
8f18716e4145919,1340,2026-03-17 08:17:52
8f18716e414591d,1341,2026-03-17 08:17:53
8f18716e414590e,1342,2026-03-17 08:17:54
8f18716e4145901,1343,2026-03-17 08:17:55
8f18716e414592a,1344,2026-03-17 08:17:56
8f18716e414592e,1345,2026-03-17 08:17:56
8f18716e414592c,1346,2026-03-17 08:17:57
8f18716e41632d2,1347,2026-03-17 08:17:58
8f18716e41632d6,1348,2026-03-17 08:17:59
8f18716e41632d4,1349,2026-03-17 08:18:00
8f18716e41632f3,1350,2026-03-17 08:18:00
8f18716e41632f0,1351,2026-03-17 08:18:01
8f18716e41632f4,1352,2026-03-17 08:18:02
8f18716e416321b,1353,2026-03-17 08:18:03
8f18716e4163219,1354,2026-03-17 08:18:04
8f18716e416321d,1355,2026-03-17 08:18:04
8f18716e4163203,1356,2026-03-17 08:18:05
8f18716e4163200,1357,2026-03-17 08:18:06
8f18716e4163205,1358,2026-03-17 08:18:07
8f18716e4163223,1359,2026-03-17 08:18:08
8f18716e4163221,1360,2026-03-17 08:18:08
8f18716e4163225,1361,2026-03-17 08:18:09
8f18716e416330b,1362,2026-03-17 08:18:10
8f18716e4163309,1363,2026-03-17 08:18:11
8f18716e416330d,1364,2026-03-17 08:18:12
8f18716e416332b,1365,2026-03-17 08:18:12
8f18716e4163328,1366,2026-03-17 08:18:13
8f18716e416332c,1367,2026-03-17 08:18:14
8f18716e4163ad2,1368,2026-03-17 08:18:15
8f18716e4163ad6,1369,2026-03-17 08:18:16
8f18716e4163ad4,1370,2026-03-17 08:18:16
8f18716e4163af2,1371,2026-03-17 08:18:17
8f18716e4163af6,1372,2026-03-17 08:18:18
8f18716e4163aa9,1373,2026-03-17 08:18:19
8f18716e4163aad,1374,2026-03-17 08:18:20
8f18716e4163a1e,1375,2026-03-17 08:18:20
8f18716e4163a1c,1376,2026-03-17 08:18:21
8f18716e4163a02,1377,2026-03-17 08:18:22
8f18716e4163a06,1378,2026-03-17 08:18:23
8f18716e4163a31,1379,2026-03-17 08:18:24
8f18716e4163a22,1380,2026-03-17 08:18:24
8f18716e4163a20,1381,2026-03-17 08:18:25
8f18716e4163a25,1382,2026-03-17 08:18:26
8f18716e4163b0b,1383,2026-03-17 08:18:27
8f18716e4163b09,1384,2026-03-17 08:18:28
8f18716e4163b72,1385,2026-03-17 08:18:28
8f18716e4163b76,1386,2026-03-17 08:18:29
8f18716e4163b29,1387,2026-03-17 08:18:30
8f18716e4163b2d,1388,2026-03-17 08:18:31
8f18716e41614de,1389,2026-03-17 08:18:32
8f18716e41614d1,1390,2026-03-17 08:18:32
8f18716e41614d5,1391,2026-03-17 08:18:33
8f18716e41614c6,1392,2026-03-17 08:18:34
8f18716e41614c4,1393,2026-03-17 08:18:35
8f18716e41614e3,1394,2026-03-17 08:18:36
8f18716e41614e0,1395,2026-03-17 08:18:36
8f18716e41614e4,1396,2026-03-17 08:18:37
8f18716e416140b,1397,2026-03-17 08:18:38
8f18716e4161409,1398,2026-03-17 08:18:39
8f18716e4161472,1399,2026-03-17 08:18:40
8f18716e4161470,1400,2026-03-17 08:18:40
8f18716e4161475,1401,2026-03-17 08:18:41
8f18716e4161466,1402,2026-03-17 08:18:42
8f18716e4161559,1403,2026-03-17 08:18:43
8f18716e416154a,1404,2026-03-17 08:18:44
8f18716e416154e,1405,2026-03-17 08:18:44
8f18716e416154c,1406,2026-03-17 08:18:45
8f18716e416156a,1407,2026-03-17 08:18:46
8f18716e416156e,1408,2026-03-17 08:18:47
8f18716e4161561,1409,2026-03-17 08:18:48
8f18716e4161192,1410,2026-03-17 08:18:48
8f18716e4161196,1411,2026-03-17 08:18:49
8f18716e4161cc9,1412,2026-03-17 08:18:50
8f18716e41611b2,1413,2026-03-17 08:18:51
8f18716e41611b6,1414,2026-03-17 08:18:52
8f18716e41611b4,1415,2026-03-17 08:18:52
8f18716e4161c5a,1416,2026-03-17 08:18:53
8f18716e4161c58,1417,2026-03-17 08:18:54
8f18716e4161c5c,1418,2026-03-17 08:18:55
8f18716e4161c42,1419,2026-03-17 08:18:56
8f18716e4161c40,1420,2026-03-17 08:18:56
8f18716e4161c45,1421,2026-03-17 08:18:57
8f18716e4161c63,1422,2026-03-17 08:18:58
8f18716e4161c60,1423,2026-03-17 08:18:59
8f18716e4161c65,1424,2026-03-17 08:19:00
8f18716e4161d4b,1425,2026-03-17 08:19:00
8f18716e4161d48,1426,2026-03-17 08:19:01
8f18716e4161d4d,1427,2026-03-17 08:19:02
8f18716e41618b6,1428,2026-03-17 08:19:03
8f18716e4161d69,1429,2026-03-17 08:19:04
8f18716e4161d6d,1430,2026-03-17 08:19:04
8f18716e416199e,1431,2026-03-17 08:19:05
8f18716e4161991,1432,2026-03-17 08:19:06
8f18716e4161995,1433,2026-03-17 08:19:07
8f18716e4161986,1434,2026-03-17 08:19:08
8f18716e41619b1,1435,2026-03-17 08:19:08
8f18716e41619a2,1436,2026-03-17 08:19:09
8f18716e41619a0,1437,2026-03-17 08:19:10
8f18716e41619a4,1438,2026-03-17 08:19:11
8f18716e416564a,1439,2026-03-17 08:19:12
8f18716e4165648,1440,2026-03-17 08:19:12
8f18716e416564c,1441,2026-03-17 08:19:13
8f18716e416566a,1442,2026-03-17 08:19:14
8f18716e416566e,1443,2026-03-17 08:19:15
8f18716e4165661,1444,2026-03-17 08:19:16
8f18716e4165665,1445,2026-03-17 08:19:16
8f18716e4165296,1446,2026-03-17 08:19:17
8f18716e4165294,1447,2026-03-17 08:19:18
8f18716e41652b3,1448,2026-03-17 08:19:19
8f18716e41652b1,1449,2026-03-17 08:19:20
8f18716e41652b5,1450,2026-03-17 08:19:20
8f18716e41652a6,1451,2026-03-17 08:19:21
8f18716e4165399,1452,2026-03-17 08:19:22
8f18716e416539d,1453,2026-03-17 08:19:23
8f18716e416538e,1454,2026-03-17 08:19:24
8f18716e416538c,1455,2026-03-17 08:19:24
8f18716e41653aa,1456,2026-03-17 08:19:25
8f18716e41653ae,1457,2026-03-17 08:19:26
8f18716e41653ac,1458,2026-03-17 08:19:27
8f18716e4165313,1459,2026-03-17 08:19:28
8f18716e4165310,1460,2026-03-17 08:19:28
8f18716e4165315,1461,2026-03-17 08:19:29
8f18716e4165333,1462,2026-03-17 08:19:30
8f18716e4165330,1463,2026-03-17 08:19:31
8f18716e4165334,1464,2026-03-17 08:19:32
8f18716e4165a9b,1465,2026-03-17 08:19:32
8f18716e4165a98,1466,2026-03-17 08:19:33
8f18716e4165a9d,1467,2026-03-17 08:19:34
8f18716e4165a83,1468,2026-03-17 08:19:35
8f18716e4165a80,1469,2026-03-17 08:19:36
8f18716e4165a85,1470,2026-03-17 08:19:36
8f18716e4165aae,1471,2026-03-17 08:19:37
8f18716e4165aa1,1472,2026-03-17 08:19:38
8f18716e4165a12,1473,2026-03-17 08:19:39
8f18716e4165a16,1474,2026-03-17 08:19:40
8f18716e4165b89,1475,2026-03-17 08:19:40
8f18716e4165b8d,1476,2026-03-17 08:19:41
8f18716e4165a36,1477,2026-03-17 08:19:42
8f18716e4165ba9,1478,2026-03-17 08:19:43
8f18716e4165b1a,1479,2026-03-17 08:19:44
8f18716e4165b18,1480,2026-03-17 08:19:44
8f18716e4165b1d,1481,2026-03-17 08:19:45
8f18716e4165b03,1482,2026-03-17 08:19:46
8f18716e4165b00,1483,2026-03-17 08:19:47
8f18716e4165b05,1484,2026-03-17 08:19:48
8f18716e4165b23,1485,2026-03-17 08:19:48
8f18716e4165b20,1486,2026-03-17 08:19:49
8f18716e4165b24,1487,2026-03-17 08:19:50
8f18716e4b9648b,1488,2026-03-17 08:19:51
8f18716e4b96488,1489,2026-03-17 08:19:52
8f18716e4b9648d,1490,2026-03-17 08:19:52
8f18716e4b964ab,1491,2026-03-17 08:19:53
8f18716e4b964a9,1492,2026-03-17 08:19:54
8f18716e4b964ad,1493,2026-03-17 08:19:55
8f18716e4b96413,1494,2026-03-17 08:19:56
8f18716e4b96411,1495,2026-03-17 08:19:56
8f18716e4b96415,1496,2026-03-17 08:19:57
8f18716e4b96406,1497,2026-03-17 08:19:58
8f18716e4b96404,1498,2026-03-17 08:19:59
8f18716e4b96422,1499,2026-03-17 08:20:00
8f18716e4b96426,1500,2026-03-17 08:20:00
8f18716e4b96424,1501,2026-03-17 08:20:01
8f18716e4b9650b,1502,2026-03-17 08:20:02
8f18716e4b96508,1503,2026-03-17 08:20:03
8f18716e4b9650d,1504,2026-03-17 08:20:04
8f18716e4b9652b,1505,2026-03-17 08:20:04
8f18716e4b96529,1506,2026-03-17 08:20:05
8f18716e4b9652d,1507,2026-03-17 08:20:06
8f18716e4b96cd3,1508,2026-03-17 08:20:07
8f18716e4b96cd0,1509,2026-03-17 08:20:08
8f18716e4b96cd5,1510,2026-03-17 08:20:08
8f18716e4b96cc6,1511,2026-03-17 08:20:09
8f18716e4b96cc4,1512,2026-03-17 08:20:10
8f18716e4b96ce3,1513,2026-03-17 08:20:11
8f18716e4b96ce1,1514,2026-03-17 08:20:12
8f18716e4b96c52,1515,2026-03-17 08:20:12
8f18716e4b96c56,1516,2026-03-17 08:20:13
8f18716e4b96c09,1517,2026-03-17 08:20:14
8f18716e4b96c72,1518,2026-03-17 08:20:15
8f18716e4b96c76,1519,2026-03-17 08:20:16
8f18716e4b96c74,1520,2026-03-17 08:20:16
8f18716e4b96d5a,1521,2026-03-17 08:20:17
8f18716e4b96d58,1522,2026-03-17 08:20:18
8f18716e4b96d5c,1523,2026-03-17 08:20:19
8f18716e4b96d42,1524,2026-03-17 08:20:20
8f18716e4b96d40,1525,2026-03-17 08:20:20
8f18716e4b96d45,1526,2026-03-17 08:20:21
8f18716e4b96d63,1527,2026-03-17 08:20:22
8f18716e4b96d61,1528,2026-03-17 08:20:23
8f18716e4b96d65,1529,2026-03-17 08:20:24
8f18716e4b96996,1530,2026-03-17 08:20:24
8f18716e48c96c9,1531,2026-03-17 08:20:25
8f18716e48c96cd,1532,2026-03-17 08:20:26
8f18716e4b969b6,1533,2026-03-17 08:20:27
8f18716e48c96e9,1534,2026-03-17 08:20:28
8f18716e48c96ed,1535,2026-03-17 08:20:28
8f18716e48c9653,1536,2026-03-17 08:20:29
8f18716e48c9650,1537,2026-03-17 08:20:30
8f18716e48c9654,1538,2026-03-17 08:20:31
8f18716e48c9672,1539,2026-03-17 08:20:32
8f18716e48c9676,1540,2026-03-17 08:20:32
8f18716e48c9674,1541,2026-03-17 08:20:33
8f18716e48c975a,1542,2026-03-17 08:20:34
8f18716e48c9758,1543,2026-03-17 08:20:35
8f18716e48c975c,1544,2026-03-17 08:20:36
8f18716e48c9742,1545,2026-03-17 08:20:36
8f18716e48c9740,1546,2026-03-17 08:20:37
8f18716e48c9744,1547,2026-03-17 08:20:38
8f18716e48c9763,1548,2026-03-17 08:20:39
8f18716e48c9760,1549,2026-03-17 08:20:40
8f18716e48c9765,1550,2026-03-17 08:20:40
8f18716e48c90cb,1551,2026-03-17 08:20:41
8f18716e48c90c9,1552,2026-03-17 08:20:42
8f18716e48c90cd,1553,2026-03-17 08:20:43
8f18716e48c93b6,1554,2026-03-17 08:20:44
8f18716e48c90e9,1555,2026-03-17 08:20:44
8f18716e48c905a,1556,2026-03-17 08:20:45
8f18716e48c905e,1557,2026-03-17 08:20:46
8f18716e48c9051,1558,2026-03-17 08:20:47
8f18716e48c9055,1559,2026-03-17 08:20:48
8f18716e48c9046,1560,2026-03-17 08:20:48
8f18716e48c9044,1561,2026-03-17 08:20:49
8f18716e48c9062,1562,2026-03-17 08:20:50
8f18716e48c9060,1563,2026-03-17 08:20:51
8f18716e48c9064,1564,2026-03-17 08:20:52
8f18716e48c914a,1565,2026-03-17 08:20:52
8f18716e48c9148,1566,2026-03-17 08:20:53
8f18716e48c914c,1567,2026-03-17 08:20:54
8f18716e48c916b,1568,2026-03-17 08:20:55
8f18716e48c9168,1569,2026-03-17 08:20:56
8f18716e48c916d,1570,2026-03-17 08:20:56
8f18716e48c9b93,1571,2026-03-17 08:20:57
8f18716e48c9b90,1572,2026-03-17 08:20:58
8f18716e48c9b94,1573,2026-03-17 08:20:59
8f18716e48c9bb3,1574,2026-03-17 08:21:00
8f18716e48c9bb1,1575,2026-03-17 08:21:00
8f18716e48c9bb5,1576,2026-03-17 08:21:01
8f18716e48c985b,1577,2026-03-17 08:21:02
8f18716e48c9859,1578,2026-03-17 08:21:03
8f18716e48c984a,1579,2026-03-17 08:21:04
8f18716e48c984e,1580,2026-03-17 08:21:04
8f18716e48c984c,1581,2026-03-17 08:21:05
8f18716e48c986a,1582,2026-03-17 08:21:06
8f18716e48c9868,1583,2026-03-17 08:21:07
8f18716e48c986c,1584,2026-03-17 08:21:08
8f18716e4bb2492,1585,2026-03-17 08:21:08
8f18716e4bb2490,1586,2026-03-17 08:21:09
8f18716e4bb2494,1587,2026-03-17 08:21:10
8f18716e4bb24b2,1588,2026-03-17 08:21:11
8f18716e4bb24b6,1589,2026-03-17 08:21:12
8f18716e4bb24b4,1590,2026-03-17 08:21:12
8f18716e4bb259a,1591,2026-03-17 08:21:13
8f18716e4bb2598,1592,2026-03-17 08:21:14
8f18716e4bb259c,1593,2026-03-17 08:21:15
8f18716e4bb2583,1594,2026-03-17 08:21:16
8f18716e4bb2581,1595,2026-03-17 08:21:16
8f18716e4bb2585,1596,2026-03-17 08:21:17
8f18716e4bb25a3,1597,2026-03-17 08:21:18
8f18716e4bb25a0,1598,2026-03-17 08:21:19
8f18716e4bb25a5,1599,2026-03-17 08:21:20
8f18716e48cd24b,1600,2026-03-17 08:21:20
8f18716e48cd249,1601,2026-03-17 08:21:21
8f18716e4bb2532,1602,2026-03-17 08:21:22
8f18716e4bb2536,1603,2026-03-17 08:21:23
8f18716e48cd269,1604,2026-03-17 08:21:24
8f18716e4bb2c9a,1605,2026-03-17 08:21:24
8f18716e4bb2c9e,1606,2026-03-17 08:21:25
8f18716e4bb2c9c,1607,2026-03-17 08:21:26
8f18716e4bb2c82,1608,2026-03-17 08:21:27
8f18716e4bb2c86,1609,2026-03-17 08:21:28
8f18716e4bb2c84,1610,2026-03-17 08:21:28
8f18716e4bb2ca2,1611,2026-03-17 08:21:29
8f18716e4bb2ca0,1612,2026-03-17 08:21:30
8f18716e4bb2ca4,1613,2026-03-17 08:21:31
8f18716e4bb2d8b,1614,2026-03-17 08:21:32
8f18716e4bb2d89,1615,2026-03-17 08:21:32
8f18716e4bb2d8d,1616,2026-03-17 08:21:33
8f18716e4bb2c36,1617,2026-03-17 08:21:34
8f18716e4bb2da9,1618,2026-03-17 08:21:35
8f18716e4bb2d1a,1619,2026-03-17 08:21:36
8f18716e4bb2d1e,1620,2026-03-17 08:21:36
8f18716e4bb2d11,1621,2026-03-17 08:21:37
8f18716e4bb2d15,1622,2026-03-17 08:21:38
8f18716e4bb2d33,1623,2026-03-17 08:21:39
8f18716e4bb2d31,1624,2026-03-17 08:21:40
8f18716e4bb2d35,1625,2026-03-17 08:21:40
8f18716e4bb2d26,1626,2026-03-17 08:21:41
8f18716e4bb2d24,1627,2026-03-17 08:21:42
8f18716e4bb668a,1628,2026-03-17 08:21:43
8f18716e4bb668e,1629,2026-03-17 08:21:44
8f18716e4bb668c,1630,2026-03-17 08:21:44
8f18716e4bb66aa,1631,2026-03-17 08:21:45
8f18716e4bb66ae,1632,2026-03-17 08:21:46
8f18716e4bb66ac,1633,2026-03-17 08:21:47
8f18716e4bb6612,1634,2026-03-17 08:21:48
8f18716e4bb6610,1635,2026-03-17 08:21:48
8f18716e4bb6614,1636,2026-03-17 08:21:49
8f18716e4bb6633,1637,2026-03-17 08:21:50
8f18716e4bb6631,1638,2026-03-17 08:21:51
8f18716e4bb6635,1639,2026-03-17 08:21:52
8f18716e4bb6626,1640,2026-03-17 08:21:52
8f18716e4bb6624,1641,2026-03-17 08:21:53
8f18716e4bb670a,1642,2026-03-17 08:21:54
8f18716e4bb670e,1643,2026-03-17 08:21:55
8f18716e4bb6701,1644,2026-03-17 08:21:56
8f18716e4bb6705,1645,2026-03-17 08:21:56
8f18716e4bb672e,1646,2026-03-17 08:21:57
8f18716e4bb6721,1647,2026-03-17 08:21:58
8f18716e4bb6725,1648,2026-03-17 08:21:59
8f18716e4bb60d6,1649,2026-03-17 08:22:00
8f18716e4bb6089,1650,2026-03-17 08:22:00
8f18716e4bb60f2,1651,2026-03-17 08:22:01
8f18716e4bb60f6,1652,2026-03-17 08:22:02
8f18716e4bb60f4,1653,2026-03-17 08:22:03
8f18716e4bb601a,1654,2026-03-17 08:22:04
8f18716e4bb6018,1655,2026-03-17 08:22:04
8f18716e4bb601d,1656,2026-03-17 08:22:05
8f18716e4bb6003,1657,2026-03-17 08:22:06
8f18716e4bb6001,1658,2026-03-17 08:22:07
8f18716e4bb6005,1659,2026-03-17 08:22:08
8f18716e4bb602e,1660,2026-03-17 08:22:08
8f18716e4bb6021,1661,2026-03-17 08:22:09
8f18716e4bb6152,1662,2026-03-17 08:22:10
8f18716e4bb6156,1663,2026-03-17 08:22:11
8f18716e4bb6109,1664,2026-03-17 08:22:12
8f18716e4bb610d,1665,2026-03-17 08:22:12
8f18716e4bb612b,1666,2026-03-17 08:22:13
8f18716e4bb6128,1667,2026-03-17 08:22:14
8f18716e4bb612c,1668,2026-03-17 08:22:15
8f18716e4bb68d2,1669,2026-03-17 08:22:16
8f18716e4bb68d0,1670,2026-03-17 08:22:16
8f18716e4bb68d4,1671,2026-03-17 08:22:17
8f18716e4bb68f2,1672,2026-03-17 08:22:18
8f18716e4bb68f6,1673,2026-03-17 08:22:19
8f18716e4bb68a9,1674,2026-03-17 08:22:20
8f18716e4bb68ad,1675,2026-03-17 08:22:20
8f18716e4bb6813,1676,2026-03-17 08:22:21
8f18716e4bb6811,1677,2026-03-17 08:22:22
8f18716e4bb6815,1678,2026-03-17 08:22:23
8f18716e4bb6806,1679,2026-03-17 08:22:24
8f18716e4bb6831,1680,2026-03-17 08:22:24
8f18716e4bb6822,1681,2026-03-17 08:22:25
8f18716e4bb6820,1682,2026-03-17 08:22:26
8f18716e4bb6825,1683,2026-03-17 08:22:27
8f18716e4bb6956,1684,2026-03-17 08:22:28
8f18716e4bb6954,1685,2026-03-17 08:22:28
8f18716e4bb6973,1686,2026-03-17 08:22:29
8f18716e4bb6971,1687,2026-03-17 08:22:30
8f18716e4bb6962,1688,2026-03-17 08:22:31
8f18716e4bb6966,1689,2026-03-17 08:22:32
8f18716e48e92d9,1690,2026-03-17 08:22:32
8f18716e48e92dd,1691,2026-03-17 08:22:33
8f18716e48e92ce,1692,2026-03-17 08:22:34
8f18716e48e92c1,1693,2026-03-17 08:22:35
8f18716e48e92ea,1694,2026-03-17 08:22:36
8f18716e48e92ee,1695,2026-03-17 08:22:36
8f18716e48e92ec,1696,2026-03-17 08:22:37
8f18716e48e9252,1697,2026-03-17 08:22:38
8f18716e48e9250,1698,2026-03-17 08:22:39
8f18716e48e9254,1699,2026-03-17 08:22:40
8f18716e48e9273,1700,2026-03-17 08:22:40
8f18716e48e9271,1701,2026-03-17 08:22:41
8f18716e48e9275,1702,2026-03-17 08:22:42
8f18716e48e935b,1703,2026-03-17 08:22:43
8f18716e48e9359,1704,2026-03-17 08:22:44
8f18716e48e935d,1705,2026-03-17 08:22:44
8f18716e48e9343,1706,2026-03-17 08:22:45
8f18716e48e9340,1707,2026-03-17 08:22:46
8f18716e48e9345,1708,2026-03-17 08:22:47
8f18716e48e9363,1709,2026-03-17 08:22:48
8f18716e48e9361,1710,2026-03-17 08:22:48
8f18716e48e9365,1711,2026-03-17 08:22:49
8f18716e4bb4d96,1712,2026-03-17 08:22:50
8f18716e48e9ac9,1713,2026-03-17 08:22:51
8f18716e4bb4db2,1714,2026-03-17 08:22:52
8f18716e4bb4db6,1715,2026-03-17 08:22:52
8f18716e48e9ae9,1716,2026-03-17 08:22:53
8f18716e48e9a5a,1717,2026-03-17 08:22:54
8f18716e48e9a58,1718,2026-03-17 08:22:55
8f18716e48e9a5c,1719,2026-03-17 08:22:56
8f18716e48e9a42,1720,2026-03-17 08:22:56
8f18716e48e9a40,1721,2026-03-17 08:22:57
8f18716e48e9a44,1722,2026-03-17 08:22:58
8f18716e48e9a62,1723,2026-03-17 08:22:59
8f18716e48e9a60,1724,2026-03-17 08:23:00
8f18716e48e9a64,1725,2026-03-17 08:23:00
8f18716e48e9b4b,1726,2026-03-17 08:23:01
8f18716e48e9b48,1727,2026-03-17 08:23:02
8f18716e48e9b4d,1728,2026-03-17 08:23:03
8f18716e48e9b6b,1729,2026-03-17 08:23:04
8f18716e48e9b69,1730,2026-03-17 08:23:04
8f18716e485a79a,1731,2026-03-17 08:23:05
8f18716e485a798,1732,2026-03-17 08:23:06
8f18716e485a79c,1733,2026-03-17 08:23:07
8f18716e485a782,1734,2026-03-17 08:23:08
8f18716e485a780,1735,2026-03-17 08:23:08
8f18716e485a784,1736,2026-03-17 08:23:09
8f18716e485a7a2,1737,2026-03-17 08:23:10
8f18716e485a7a6,1738,2026-03-17 08:23:11
8f18716e485a7a4,1739,2026-03-17 08:23:12
8f18716e485a44b,1740,2026-03-17 08:23:12
8f18716e485a448,1741,2026-03-17 08:23:13
8f18716e485a44c,1742,2026-03-17 08:23:14
8f18716e485a46b,1743,2026-03-17 08:23:15
8f18716e485a468,1744,2026-03-17 08:23:16
8f18716e485a46d,1745,2026-03-17 08:23:16
8f18716e485a093,1746,2026-03-17 08:23:17
8f18716e485a090,1747,2026-03-17 08:23:18
8f18716e485a095,1748,2026-03-17 08:23:19
8f18716e485a0b3,1749,2026-03-17 08:23:20
8f18716e485a0b0,1750,2026-03-17 08:23:20
8f18716e485a0b5,1751,2026-03-17 08:23:21
8f18716e485a0a6,1752,2026-03-17 08:23:22
8f18716e485a199,1753,2026-03-17 08:23:23
8f18716e485a19d,1754,2026-03-17 08:23:24
8f18716e485a18e,1755,2026-03-17 08:23:24
8f18716e485a181,1756,2026-03-17 08:23:25
8f18716e485a185,1757,2026-03-17 08:23:26
8f18716e485a1ae,1758,2026-03-17 08:23:27
8f18716e485a1a1,1759,2026-03-17 08:23:28
8f18716e485a112,1760,2026-03-17 08:23:28
8f18716e485a116,1761,2026-03-17 08:23:29
8f18716e485a114,1762,2026-03-17 08:23:30
8f18716e485a132,1763,2026-03-17 08:23:31
8f18716e485a130,1764,2026-03-17 08:23:32
8f18716e485a134,1765,2026-03-17 08:23:32
8f18716e485a89a,1766,2026-03-17 08:23:33
8f18716e485a898,1767,2026-03-17 08:23:34
8f18716e485a89d,1768,2026-03-17 08:23:35
8f18716e485a883,1769,2026-03-17 08:23:36
8f18716e485a880,1770,2026-03-17 08:23:36
8f18716e485a885,1771,2026-03-17 08:23:37
8f18716e485a8ae,1772,2026-03-17 08:23:38
8f18716e485a8ac,1773,2026-03-17 08:23:39
8f18716e485a812,1774,2026-03-17 08:23:40
8f18716e485a810,1775,2026-03-17 08:23:40
8f18716e485a814,1776,2026-03-17 08:23:41
8f18716e485a832,1777,2026-03-17 08:23:42
8f18716e485a830,1778,2026-03-17 08:23:43
8f18716e485a834,1779,2026-03-17 08:23:44
8f18716e485a91b,1780,2026-03-17 08:23:44
8f18716e485a918,1781,2026-03-17 08:23:45
8f18716e485a91c,1782,2026-03-17 08:23:46
8f18716e485a902,1783,2026-03-17 08:23:47
8f18716e485a900,1784,2026-03-17 08:23:48
8f18716e485a904,1785,2026-03-17 08:23:48
8f18716e485a922,1786,2026-03-17 08:23:49
8f18716e485a920,1787,2026-03-17 08:23:50
8f18716e485a924,1788,2026-03-17 08:23:51
8f18716e485e28a,1789,2026-03-17 08:23:52
8f18716e485e28e,1790,2026-03-17 08:23:52
8f18716e485e28c,1791,2026-03-17 08:23:53
8f18716e485e2aa,1792,2026-03-17 08:23:54
8f18716e485e2ae,1793,2026-03-17 08:23:55
8f18716e485e2ac,1794,2026-03-17 08:23:56
8f18716e485e213,1795,2026-03-17 08:23:56
8f18716e485e211,1796,2026-03-17 08:23:57
8f18716e485e215,1797,2026-03-17 08:23:58
8f18716e485e206,1798,2026-03-17 08:23:59
8f18716e485e231,1799,2026-03-17 08:24:00
8f18716e485e222,1800,2026-03-17 08:24:00
8f18716e485e226,1801,2026-03-17 08:24:01
8f18716e485e224,1802,2026-03-17 08:24:02
8f18716e485e30a,1803,2026-03-17 08:24:03
8f18716e485e308,1804,2026-03-17 08:24:04
8f18716e485e30c,1805,2026-03-17 08:24:04
8f18716e485e32b,1806,2026-03-17 08:24:05
8f18716e485e329,1807,2026-03-17 08:24:06
8f18716e485e32d,1808,2026-03-17 08:24:07
8f18716e485ead3,1809,2026-03-17 08:24:08
8f18716e485ead0,1810,2026-03-17 08:24:08
8f18716e485ead5,1811,2026-03-17 08:24:09
8f18716e485eaf3,1812,2026-03-17 08:24:10
8f18716e485eaf0,1813,2026-03-17 08:24:11
8f18716e485eaf5,1814,2026-03-17 08:24:12
8f18716e485eae6,1815,2026-03-17 08:24:12
8f18716e485ea19,1816,2026-03-17 08:24:13
8f18716e485ea1d,1817,2026-03-17 08:24:14
8f18716e485ea0e,1818,2026-03-17 08:24:15
8f18716e485ea01,1819,2026-03-17 08:24:16
8f18716e485ea05,1820,2026-03-17 08:24:16
8f18716e485ea2e,1821,2026-03-17 08:24:17
8f18716e485ea21,1822,2026-03-17 08:24:18
8f18716e485eb52,1823,2026-03-17 08:24:19
8f18716e485eb50,1824,2026-03-17 08:24:20
8f18716e485eb54,1825,2026-03-17 08:24:20
8f18716e485eb72,1826,2026-03-17 08:24:21
8f18716e485eb70,1827,2026-03-17 08:24:22
8f18716e485eb74,1828,2026-03-17 08:24:23
8f18716e485c4da,1829,2026-03-17 08:24:24
8f18716e485c4d8,1830,2026-03-17 08:24:24
8f18716e485c4dc,1831,2026-03-17 08:24:25
8f18716e485c4c3,1832,2026-03-17 08:24:26
8f18716e485c4c1,1833,2026-03-17 08:24:27
8f18716e485c4c5,1834,2026-03-17 08:24:28
8f18716e485c4ee,1835,2026-03-17 08:24:28
8f18716e485c4ec,1836,2026-03-17 08:24:29
8f18716e485c452,1837,2026-03-17 08:24:30
8f18716e485c456,1838,2026-03-17 08:24:31
8f18716e485c409,1839,2026-03-17 08:24:32
8f18716e485c40d,1840,2026-03-17 08:24:32
8f18716e485c476,1841,2026-03-17 08:24:33
8f18716e485c474,1842,2026-03-17 08:24:34
8f18716e485c55a,1843,2026-03-17 08:24:35
8f18716e485c55e,1844,2026-03-17 08:24:36
8f18716e485c55c,1845,2026-03-17 08:24:36
8f18716e485c542,1846,2026-03-17 08:24:37
8f18716e485c540,1847,2026-03-17 08:24:38
8f18716e485c544,1848,2026-03-17 08:24:39
8f18716e485c563,1849,2026-03-17 08:24:40
8f18716e485c560,1850,2026-03-17 08:24:40
8f18716e485c564,1851,2026-03-17 08:24:41
8f18716e485cccb,1852,2026-03-17 08:24:42
8f18716e485ccc8,1853,2026-03-17 08:24:43
8f18716e485cccc,1854,2026-03-17 08:24:44
8f18716e485cceb,1855,2026-03-17 08:24:44
8f18716e485cce8,1856,2026-03-17 08:24:45
8f18716e485cced,1857,2026-03-17 08:24:46
8f18716e485cc53,1858,2026-03-17 08:24:47
8f18716e485cc51,1859,2026-03-17 08:24:48
8f18716e485cc42,1860,2026-03-17 08:24:48
8f18716e485cc40,1861,2026-03-17 08:24:49
8f18716e485cc44,1862,2026-03-17 08:24:50
8f18716e485cc62,1863,2026-03-17 08:24:51
8f18716e485cc66,1864,2026-03-17 08:24:52
8f18716e485cd59,1865,2026-03-17 08:24:52
8f18716e485cd4a,1866,2026-03-17 08:24:53
8f18716e485cd4e,1867,2026-03-17 08:24:54
8f18716e485cd4c,1868,2026-03-17 08:24:55
8f18716e485cd6a,1869,2026-03-17 08:24:56
8f18716e485cd68,1870,2026-03-17 08:24:56
8f18716e485cd6d,1871,2026-03-17 08:24:57
8f18716e485c993,1872,2026-03-17 08:24:58
8f18716e485c991,1873,2026-03-17 08:24:59
8f18716e485c982,1874,2026-03-17 08:25:00
8f18716e485c986,1875,2026-03-17 08:25:00
8f18716e485c9b1,1876,2026-03-17 08:25:01
8f18716e485c9a2,1877,2026-03-17 08:25:02
8f18716e485c9a0,1878,2026-03-17 08:25:03
8f18716e485c9a4,1879,2026-03-17 08:25:04
8f18716e484264a,1880,2026-03-17 08:25:04
8f18716e4842648,1881,2026-03-17 08:25:05
8f18716e484264c,1882,2026-03-17 08:25:06
8f18716e484266b,1883,2026-03-17 08:25:07
8f18716e4842668,1884,2026-03-17 08:25:08
8f18716e484266d,1885,2026-03-17 08:25:08
8f18716e4842293,1886,2026-03-17 08:25:09
8f18716e4842290,1887,2026-03-17 08:25:10
8f18716e4842295,1888,2026-03-17 08:25:11
8f18716e48422b3,1889,2026-03-17 08:25:12
8f18716e48422b1,1890,2026-03-17 08:25:12
8f18716e48422b5,1891,2026-03-17 08:25:13
8f18716e484239b,1892,2026-03-17 08:25:14
8f18716e4842398,1893,2026-03-17 08:25:15
8f18716e484239d,1894,2026-03-17 08:25:16
8f18716e4842383,1895,2026-03-17 08:25:16
8f18716e4842381,1896,2026-03-17 08:25:17
8f18716e4842385,1897,2026-03-17 08:25:18
8f18716e48423a3,1898,2026-03-17 08:25:19
8f18716e48423a0,1899,2026-03-17 08:25:20
8f18716e48423a4,1900,2026-03-17 08:25:20
8f18716e484204b,1901,2026-03-17 08:25:21
8f18716e4842048,1902,2026-03-17 08:25:22
8f18716e484204d,1903,2026-03-17 08:25:23
8f18716e4842336,1904,2026-03-17 08:25:24
8f18716e4842069,1905,2026-03-17 08:25:24
8f18716e484206d,1906,2026-03-17 08:25:25
8f18716e4842a93,1907,2026-03-17 08:25:26
8f18716e4842a91,1908,2026-03-17 08:25:27
8f18716e4842a95,1909,2026-03-17 08:25:28
8f18716e4842a86,1910,2026-03-17 08:25:28
8f18716e4842ab1,1911,2026-03-17 08:25:29
8f18716e4842aa2,1912,2026-03-17 08:25:30
8f18716e4842aa6,1913,2026-03-17 08:25:31
8f18716e4842b99,1914,2026-03-17 08:25:32
8f18716e4842b8a,1915,2026-03-17 08:25:32
8f18716e4842b8e,1916,2026-03-17 08:25:33
8f18716e4842b8c,1917,2026-03-17 08:25:34
8f18716e4842bab,1918,2026-03-17 08:25:35
8f18716e4842ba8,1919,2026-03-17 08:25:36
8f18716e4842bad,1920,2026-03-17 08:25:36
8f18716e4842b13,1921,2026-03-17 08:25:37
8f18716e4842b10,1922,2026-03-17 08:25:38
8f18716e4842b15,1923,2026-03-17 08:25:39
8f18716e4842b33,1924,2026-03-17 08:25:40
8f18716e4842b30,1925,2026-03-17 08:25:40
8f18716e4842b35,1926,2026-03-17 08:25:41
8f18716e484049b,1927,2026-03-17 08:25:42
8f18716e4840499,1928,2026-03-17 08:25:43
8f18716e484049d,1929,2026-03-17 08:25:44
8f18716e484048e,1930,2026-03-17 08:25:44
8f18716e4840481,1931,2026-03-17 08:25:45
8f18716e4840485,1932,2026-03-17 08:25:46
8f18716e48404ae,1933,2026-03-17 08:25:47
8f18716e48404a1,1934,2026-03-17 08:25:48
8f18716e4840412,1935,2026-03-17 08:25:48
8f18716e4840416,1936,2026-03-17 08:25:49
8f18716e4840414,1937,2026-03-17 08:25:50
8f18716e4840432,1938,2026-03-17 08:25:51
8f18716e4840436,1939,2026-03-17 08:25:52
8f18716e4840434,1940,2026-03-17 08:25:52
8f18716e484051b,1941,2026-03-17 08:25:53
8f18716e4840518,1942,2026-03-17 08:25:54
8f18716e484051c,1943,2026-03-17 08:25:55
8f18716e4840503,1944,2026-03-17 08:25:56
8f18716e4840501,1945,2026-03-17 08:25:56
8f18716e4840505,1946,2026-03-17 08:25:57
8f18716e4840523,1947,2026-03-17 08:25:58
8f18716e4840520,1948,2026-03-17 08:25:59
8f18716e4840525,1949,2026-03-17 08:26:00
8f18716e4840c8b,1950,2026-03-17 08:26:00
8f18716e4840c89,1951,2026-03-17 08:26:01
8f18716e4840cf2,1952,2026-03-17 08:26:02
8f18716e4840cf0,1953,2026-03-17 08:26:03
8f18716e4840cf4,1954,2026-03-17 08:26:04
8f18716e4840c1a,1955,2026-03-17 08:26:04
8f18716e4840c1e,1956,2026-03-17 08:26:05
8f18716e4840c1c,1957,2026-03-17 08:26:06
8f18716e4840c02,1958,2026-03-17 08:26:07
8f18716e4840c06,1959,2026-03-17 08:26:08
8f18716e4840c04,1960,2026-03-17 08:26:08
8f18716e4840c22,1961,2026-03-17 08:26:09
8f18716e4840c20,1962,2026-03-17 08:26:10
8f18716e4840c25,1963,2026-03-17 08:26:11
8f18716e4840d0b,1964,2026-03-17 08:26:12
8f18716e4840d08,1965,2026-03-17 08:26:12
8f18716e4840d0c,1966,2026-03-17 08:26:13
8f18716e4840d2b,1967,2026-03-17 08:26:14
8f18716e4840d29,1968,2026-03-17 08:26:15
8f18716e4840d2d,1969,2026-03-17 08:26:16
8f18716e48446d3,1970,2026-03-17 08:26:16
8f18716e48446d1,1971,2026-03-17 08:26:17
8f18716e48446d5,1972,2026-03-17 08:26:18
8f18716e48446f3,1973,2026-03-17 08:26:19
8f18716e48446f1,1974,2026-03-17 08:26:20
8f18716e48446f5,1975,2026-03-17 08:26:20
8f18716e48446e6,1976,2026-03-17 08:26:21
8f18716e48446e4,1977,2026-03-17 08:26:22
8f18716e484460b,1978,2026-03-17 08:26:23
8f18716e4844608,1979,2026-03-17 08:26:24
8f18716e484460d,1980,2026-03-17 08:26:24
8f18716e484462b,1981,2026-03-17 08:26:25
8f18716e4844628,1982,2026-03-17 08:26:26
8f18716e484462d,1983,2026-03-17 08:26:27
8f18716e484475e,1984,2026-03-17 08:26:28
8f18716e484475c,1985,2026-03-17 08:26:28
8f18716e4844743,1986,2026-03-17 08:26:29
8f18716e4844741,1987,2026-03-17 08:26:30
8f18716e484476a,1988,2026-03-17 08:26:31
8f18716e4844768,1989,2026-03-17 08:26:32
8f18716e484476d,1990,2026-03-17 08:26:32
8f18716e4844393,1991,2026-03-17 08:26:33
8f18716e4844391,1992,2026-03-17 08:26:34
8f18716e4844395,1993,2026-03-17 08:26:35
8f18716e48443b3,1994,2026-03-17 08:26:36
8f18716e48443b1,1995,2026-03-17 08:26:36
8f18716e48443b5,1996,2026-03-17 08:26:37
8f18716e484405b,1997,2026-03-17 08:26:38
8f18716e4844058,1998,2026-03-17 08:26:39
8f18716e484405c,1999,2026-03-17 08:26:40
8f18716e4844043,2000,2026-03-17 08:26:40
8f18716e4844041,2001,2026-03-17 08:26:41
8f18716e4844045,2002,2026-03-17 08:26:42
8f18716e484406e,2003,2026-03-17 08:26:43
8f18716e4844061,2004,2026-03-17 08:26:44
8f18716e4844a92,2005,2026-03-17 08:26:44
8f18716e4844a90,2006,2026-03-17 08:26:45
8f18716e4844a94,2007,2026-03-17 08:26:46
8f18716e4844ab2,2008,2026-03-17 08:26:47
8f18716e4844ab0,2009,2026-03-17 08:26:48
8f18716e4844ab4,2010,2026-03-17 08:26:48
8f18716e4844b9b,2011,2026-03-17 08:26:49
8f18716e4844b99,2012,2026-03-17 08:26:50
8f18716e4844b8a,2013,2026-03-17 08:26:51
8f18716e4844b88,2014,2026-03-17 08:26:52
8f18716e4844b8d,2015,2026-03-17 08:26:52
8f18716e4844a36,2016,2026-03-17 08:26:53
8f18716e4844a34,2017,2026-03-17 08:26:54
8f18716e4844b1b,2018,2026-03-17 08:26:55
8f18716e4844b19,2019,2026-03-17 08:26:56
8f18716e4844b0a,2020,2026-03-17 08:26:56
8f18716e4844b08,2021,2026-03-17 08:26:57
8f18716e4844b0d,2022,2026-03-17 08:26:58
8f18716e4844b76,2023,2026-03-17 08:26:59
8f18716e4844b74,2024,2026-03-17 08:27:00
8f18716e48634db,2025,2026-03-17 08:27:00
8f18716e48634d9,2026,2026-03-17 08:27:01
8f18716e48634ca,2027,2026-03-17 08:27:02
8f18716e48634c8,2028,2026-03-17 08:27:03
8f18716e48634cc,2029,2026-03-17 08:27:04
8f18716e48634eb,2030,2026-03-17 08:27:04
8f18716e48634e8,2031,2026-03-17 08:27:05
8f18716e48634ed,2032,2026-03-17 08:27:06
8f18716e4863453,2033,2026-03-17 08:27:07
8f18716e4863450,2034,2026-03-17 08:27:08
8f18716e4863455,2035,2026-03-17 08:27:08
8f18716e4863446,2036,2026-03-17 08:27:09
8f18716e4863471,2037,2026-03-17 08:27:10
8f18716e4863475,2038,2026-03-17 08:27:11
8f18716e486355b,2039,2026-03-17 08:27:12
8f18716e4863559,2040,2026-03-17 08:27:12
8f18716e486354a,2041,2026-03-17 08:27:13
8f18716e4863548,2042,2026-03-17 08:27:14
8f18716e486354c,2043,2026-03-17 08:27:15
8f18716e486356a,2044,2026-03-17 08:27:16
8f18716e486356e,2045,2026-03-17 08:27:16
8f18716e4863561,2046,2026-03-17 08:27:17
8f18716e4863192,2047,2026-03-17 08:27:18
8f18716e4863196,2048,2026-03-17 08:27:19
8f18716e4863194,2049,2026-03-17 08:27:20
8f18716e48631b2,2050,2026-03-17 08:27:20
8f18716e48631b0,2051,2026-03-17 08:27:21
8f18716e48631b4,2052,2026-03-17 08:27:22
8f18716e4863c5b,2053,2026-03-17 08:27:23
8f18716e4863c58,2054,2026-03-17 08:27:24
8f18716e4863c5d,2055,2026-03-17 08:27:24
8f18716e4863c43,2056,2026-03-17 08:27:25
8f18716e4863c40,2057,2026-03-17 08:27:26
8f18716e4863c45,2058,2026-03-17 08:27:27
8f18716e4863c6e,2059,2026-03-17 08:27:28
8f18716e4863c6c,2060,2026-03-17 08:27:28
8f18716e4863893,2061,2026-03-17 08:27:29
8f18716e4863891,2062,2026-03-17 08:27:30
8f18716e4863882,2063,2026-03-17 08:27:31
8f18716e4863880,2064,2026-03-17 08:27:32
8f18716e4863885,2065,2026-03-17 08:27:32
8f18716e48638ae,2066,2026-03-17 08:27:33
8f18716e48638ac,2067,2026-03-17 08:27:34
8f18716e4863813,2068,2026-03-17 08:27:35
8f18716e4863810,2069,2026-03-17 08:27:36
8f18716e4863815,2070,2026-03-17 08:27:36
8f18716e4863833,2071,2026-03-17 08:27:37
8f18716e4863831,2072,2026-03-17 08:27:38
8f18716e4863822,2073,2026-03-17 08:27:39
8f18716e4863826,2074,2026-03-17 08:27:40
8f18716e4863919,2075,2026-03-17 08:27:40
8f18716e486390a,2076,2026-03-17 08:27:41
8f18716e486390e,2077,2026-03-17 08:27:42
8f18716e486390c,2078,2026-03-17 08:27:43
8f18716e486392a,2079,2026-03-17 08:27:44
8f18716e486392e,2080,2026-03-17 08:27:44
8f18716e486392c,2081,2026-03-17 08:27:45
8f18716e48602d2,2082,2026-03-17 08:27:46
8f18716e48602d0,2083,2026-03-17 08:27:47
8f18716e48602d4,2084,2026-03-17 08:27:48
8f18716e48602f3,2085,2026-03-17 08:27:48
8f18716e48602f0,2086,2026-03-17 08:27:49
8f18716e48602f4,2087,2026-03-17 08:27:50
8f18716e486021b,2088,2026-03-17 08:27:51
8f18716e4860218,2089,2026-03-17 08:27:52
8f18716e486021d,2090,2026-03-17 08:27:52
8f18716e4860203,2091,2026-03-17 08:27:53
8f18716e4860201,2092,2026-03-17 08:27:54
8f18716e486022a,2093,2026-03-17 08:27:55
8f18716e486022e,2094,2026-03-17 08:27:56
8f18716e486022c,2095,2026-03-17 08:27:56
8f18716e4860353,2096,2026-03-17 08:27:57
8f18716e4860350,2097,2026-03-17 08:27:58
8f18716e4860354,2098,2026-03-17 08:27:59
8f18716e4860372,2099,2026-03-17 08:28:00
8f18716e4860376,2100,2026-03-17 08:28:00
8f18716e4860374,2101,2026-03-17 08:28:01
8f18716e4860ada,2102,2026-03-17 08:28:02
8f18716e4860ade,2103,2026-03-17 08:28:03
8f18716e4860adc,2104,2026-03-17 08:28:04
8f18716e4860ac2,2105,2026-03-17 08:28:04
8f18716e4860ac0,2106,2026-03-17 08:28:05
8f18716e4860ac5,2107,2026-03-17 08:28:06
8f18716e4860ae3,2108,2026-03-17 08:28:07
8f18716e4860ae1,2109,2026-03-17 08:28:08
8f18716e4860ae5,2110,2026-03-17 08:28:08
8f18716e4860a0b,2111,2026-03-17 08:28:09
8f18716e4860a08,2112,2026-03-17 08:28:10
8f18716e4860a0d,2113,2026-03-17 08:28:11
8f18716e4860a76,2114,2026-03-17 08:28:12
8f18716e4860a29,2115,2026-03-17 08:28:12
8f18716e4860a2d,2116,2026-03-17 08:28:13
8f18716e4860b5e,2117,2026-03-17 08:28:14
8f18716e4860b51,2118,2026-03-17 08:28:15
8f18716e4860b42,2119,2026-03-17 08:28:16
8f18716e4860b46,2120,2026-03-17 08:28:16
8f18716e4860b44,2121,2026-03-17 08:28:17
8f18716e4860b63,2122,2026-03-17 08:28:18
8f18716e4860b61,2123,2026-03-17 08:28:19
8f18716e4860b65,2124,2026-03-17 08:28:20
8f18716e4865796,2125,2026-03-17 08:28:20
8f18716e48654c9,2126,2026-03-17 08:28:21
8f18716e48654cd,2127,2026-03-17 08:28:22
8f18716e48657b6,2128,2026-03-17 08:28:23
8f18716e48654e9,2129,2026-03-17 08:28:24
8f18716e48654ed,2130,2026-03-17 08:28:24
8f18716e4865453,2131,2026-03-17 08:28:25
8f18716e4865450,2132,2026-03-17 08:28:26
8f18716e4865455,2133,2026-03-17 08:28:27
8f18716e4865473,2134,2026-03-17 08:28:28
8f18716e4865471,2135,2026-03-17 08:28:28
8f18716e4865462,2136,2026-03-17 08:28:29
8f18716e4865460,2137,2026-03-17 08:28:30
8f18716e4865465,2138,2026-03-17 08:28:31
8f18716e4865096,2139,2026-03-17 08:28:32
8f18716e4865090,2140,2026-03-17 08:28:32
8f18716e4865091,2141,2026-03-17 08:28:33
8f18716e4865082,2142,2026-03-17 08:28:34
8f18716e4865080,2143,2026-03-17 08:28:35
8f18716e4865085,2144,2026-03-17 08:28:36
8f18716e48650ae,2145,2026-03-17 08:28:36
8f18716e48650ac,2146,2026-03-17 08:28:37
8f18716e4865013,2147,2026-03-17 08:28:38
8f18716e4865011,2148,2026-03-17 08:28:39
8f18716e4865002,2149,2026-03-17 08:28:40
8f18716e4865000,2150,2026-03-17 08:28:40
8f18716e4865005,2151,2026-03-17 08:28:41
8f18716e486502e,2152,2026-03-17 08:28:42
8f18716e486502c,2153,2026-03-17 08:28:43
8f18716e4865153,2154,2026-03-17 08:28:44
8f18716e4865151,2155,2026-03-17 08:28:44
8f18716e4865155,2156,2026-03-17 08:28:45
8f18716e4865146,2157,2026-03-17 08:28:46
8f18716e4865144,2158,2026-03-17 08:28:47
8f18716e4865163,2159,2026-03-17 08:28:48
8f18716e4865161,2160,2026-03-17 08:28:48
8f18716e4865b92,2161,2026-03-17 08:28:49
8f18716e4865b93,2162,2026-03-17 08:28:50
8f18716e4865b91,2163,2026-03-17 08:28:51
8f18716e4865b82,2164,2026-03-17 08:28:52
8f18716e4865b86,2165,2026-03-17 08:28:52
8f18716e4865b84,2166,2026-03-17 08:28:53
8f18716e4865ba3,2167,2026-03-17 08:28:54
8f18716e4865ba1,2168,2026-03-17 08:28:55
8f18716e4865b12,2169,2026-03-17 08:28:56
8f18716e4865b10,2170,2026-03-17 08:28:56
8f18716e4865b15,2171,2026-03-17 08:28:57
8f18716e4865b06,2172,2026-03-17 08:28:58
8f18716e4865b04,2173,2026-03-17 08:28:59
8f18716e4865b23,2174,2026-03-17 08:29:00
8f18716e4865b21,2175,2026-03-17 08:29:00
8f187160b4964d2,2176,2026-03-17 08:29:01
8f187160b4964d0,2177,2026-03-17 08:29:02
8f187160b4964d5,2178,2026-03-17 08:29:03
8f187160b4964c6,2179,2026-03-17 08:29:04
8f187160b4964f1,2180,2026-03-17 08:29:04
8f187160b4964f5,2181,2026-03-17 08:29:05
8f187160b4964e6,2182,2026-03-17 08:29:06
8f187160b496419,2183,2026-03-17 08:29:07
8f187160b49640a,2184,2026-03-17 08:29:08
8f187160b49640e,2185,2026-03-17 08:29:08
8f187160b49640c,2186,2026-03-17 08:29:09
